segment_id,time_to_eruption
1000213997,16843936.0
100023368,40324648.0
1000488999,27724148.0
1001028887,6820439.0
1001857862,14746986.0
1003310246,33324866.0
1003545497,35104952.0
1004288653,19764180.0
10044968,1978503.875
1005166812,34672868.0
1005502784,32283376.0
1005767712,22982260.0
1005985933,15909934.0
1006013726,32616678.0
1006026494,5739433.0
1006540019,14407415.0
1007067208,33739980.0
1007233480,111563184.0
100741545,31973718.0
100781580,10371102.0
1008031106,19584108.0
1008453141,6878220.5
1008467020,24666960.0
1008990702,22284302.0
100924436,7613653.5
1009570124,30008870.0
1010782837,19950772.0
101092507,14444766.0
1010943716,23001556.0
1011004896,26335696.0
101110196,18396576.0
1011275894,17923188.0
1013422575,13763739.0
1013765862,4015915.25
1014679633,61586364.0
1016115878,38364060.0
1016184206,16570223.0
1017230048,13838237.0
1017425206,37373448.0
101767110,34595540.0
1017793579,14933215.0
1018339787,8545968.0
1018415836,22396762.0
1018835959,10692378.0
1019822001,31897562.0
1020904533,42271000.0
1021766991,32153828.0
1022303057,32365524.0
1022564826,3511368.25
1022792201,45835676.0
1022920538,1646213.375
102293055,24445046.0
1023129837,40644700.0
1023178939,7791873.0
1024202315,45680132.0
1025034217,36603176.0
1025592404,20520802.0
1026104909,939314.5
1026215164,13401726.0
1026330044,26291844.0
1026893635,22137270.0
1027015334,24021294.0
1027196270,19506858.0
1027492850,24066930.0
1028291376,23602580.0
1028734549,10796946.0
1028909050,34458052.0
1028936480,7742492.5
1030142029,3025471.5
1030502977,11008640.0
1031020617,16190887.0
1031159375,17776556.0
1031162177,18693266.0
103255324,27046538.0
1033010545,13213536.0
1033712814,21991682.0
1034145574,18988628.0
1034149150,41742348.0
1034495604,23359342.0
1034575439,67123840.0
1034661081,19543966.0
1036359163,14503615.0
1036419067,22755454.0
1037409111,35027156.0
1037457727,37496220.0
1037866071,16375194.0
1037870582,31759948.0
1038229705,-746866.0
1038561162,25070726.0
1038795212,42942132.0
1039022988,22396150.0
1039467390,25067670.0
1040926190,36309868.0
1041238096,13193864.0
1042404145,40494132.0
1042683102,27875908.0
1042872766,12435681.0
1042966293,40383676.0
1044132676,39350788.0
1044145499,34846140.0
1044572708,23543694.0
1044918875,33113484.0
1044919243,14351464.0
1045961446,8252251.0
1046125885,23120566.0
1046298092,17871828.0
1047440176,29477680.0
1047553323,10833614.0
1048071171,37959792.0
1049029417,5191916.5
1049179883,21276144.0
1049458669,124598824.0
1049490456,36559656.0
1049718151,4272285.5
10500324,26892942.0
1051297459,15203240.0
1051723909,30319968.0
1052096870,20661824.0
105231979,14072189.0
1052598935,12755511.0
1053288769,33384544.0
1053506000,16200114.0
1053709012,18088990.0
1054155456,5987406.5
1054183033,2753224.5
1055110288,23018752.0
1055280734,16341711.0
1055292020,20941892.0
105565188,8056285.0
1055715186,17817582.0
1056283823,37632508.0
1057143322,24167392.0
1057565195,24124306.0
1057891675,41746376.0
1058184184,26005120.0
1058754098,14825211.0
1058988926,39549912.0
1060658700,7254405.0
1060731119,26058126.0
1060942736,17777284.0
1060953646,30373340.0
1061777512,33463424.0
1063352576,30251124.0
1063492083,17685172.0
1064227773,35436140.0
1065071029,24628926.0
1065179054,28694570.0
106530242,12899567.0
106558646,20259204.0
106685184,18291558.0
1066858964,45482688.0
106705133,4737807.0
1067398856,4634447.0
1067885278,14210225.0
1067970,27263366.0
1068098496,25997872.0
1068298311,11885154.0
1068515581,35389512.0
1069211376,48037240.0
1071550768,28569888.0
1071673479,1638820.625
1071727846,23540448.0
1072278088,15392168.0
1072995306,9577777.0
1074297431,15004730.0
1074331622,13047821.0
107456883,11987704.0
1074855139,75386520.0
1075283470,18192238.0
1075411242,26397334.0
1075732342,35171332.0
1076096350,9180690.0
107666202,35688204.0
1077472023,38690808.0
1079683965,6576673.0
1079951835,9938914.0
1080323153,27795952.0
1080844241,40698340.0
108203668,23626802.0
108213146,23602314.0
1082262945,22429630.0
1082864378,12557493.0
1083707533,19783554.0
108403661,2143505.0
1084397983,15436336.0
1084431292,35083912.0
1084581069,16093626.0
1085038607,595835.1875
1085084497,41048392.0
1085229280,18425784.0
1085510648,52028480.0
1085881951,18924560.0
1085882007,37816548.0
1085910515,18631676.0
108610409,7082359.0
1086569026,21308530.0
1086820883,14988233.0
1086962283,29916996.0
1087163936,13972590.0
108734762,34493848.0
1087612350,27205474.0
1087681649,20145228.0
1088360907,15681029.0
108885370,22463514.0
1088867007,24953962.0
1089106361,14223709.0
1089622428,25272114.0
1089767427,29785348.0
108980580,30363114.0
1091470526,14519618.0
1091631666,25053060.0
1091745945,2456148.75
1092124990,14891255.0
1092555354,33306432.0
109341864,27719262.0
1094588886,39889636.0
1094824382,31384708.0
1095039261,20051606.0
1095263306,15769306.0
1096077505,26684012.0
1096565436,16340610.0
10968059,40997900.0
1097472544,39105484.0
109822679,9016101.0
1099056611,21077788.0
1099388776,1109639.875
1099472249,23068896.0
1099564840,5207315.0
1100048277,14046727.0
1100276687,7175273.5
1100541264,10304189.0
110077966,33078526.0
1101672261,35588040.0
1102273593,37439572.0
1102402906,7982445.5
1102541950,6982269.5
1102809614,13656315.0
1102814669,31629826.0
1103082804,35780140.0
1103286910,24590144.0
1103368940,32530950.0
110350278,19181322.0
1103540935,6546289.0
110368744,1386678.0
1104014396,537175.3125
110406323,45207052.0
1105331011,39677408.0
1105982863,13331665.0
1106241100,17091698.0
1106563471,24505760.0
1107289052,35632224.0
1107461160,29229002.0
110836519,23056196.0
1108430240,15777197.0
110897870,13246622.0
1110364836,13216425.0
1111519643,24873600.0
1112589641,23832900.0
1112725405,12024162.0
1114166998,17388938.0
1115292010,23985564.0
1116004069,44111448.0
1116487834,14274096.0
1117004656,21079348.0
1117136867,23213690.0
1117195616,38558216.0
1117947416,5404478.5
1118238925,11585595.0
111846917,41872036.0
1118482512,19868410.0
1118815295,15958778.0
1118878688,2774855.25
1119261733,17390006.0
1119530134,38182216.0
1119629515,14860583.0
1120000702,37798776.0
112044852,41703800.0
1121880142,6819691.5
1122235886,30290656.0
1122555066,14735951.0
1122574109,21467244.0
1123664964,42035808.0
1124294151,15421202.0
1125699550,16266157.0
1126221533,14289827.0
1126641381,15370935.0
1126757306,6372696.0
1126796520,10754110.0
1126811259,35142916.0
1127832368,25765044.0
1128226922,25793892.0
1128498225,18437862.0
1129027163,29664938.0
1129221340,18014604.0
1130257145,25350224.0
1130720014,36602952.0
1131027065,9025822.0
1131427620,39159296.0
1131523873,39479300.0
1132295917,18417372.0
1132486761,17432716.0
1133082361,15143257.0
1134509383,26202926.0
1134521236,48458068.0
1134779082,11004430.0
1134883832,33693516.0
1135419607,8835454.0
1136836722,9345780.0
1138013832,10955072.0
113804746,5349549.0
1138064736,31596298.0
1138211675,23306474.0
1138486916,1826414.625
1138681044,7324412.5
1138720460,24939278.0
1138882964,15608139.0
113905839,10518710.0
1139237569,5872545.5
1139538400,12734977.0
113967173,34644452.0
1140820511,37716160.0
1140974500,13313450.0
114150551,8117257.0
1141520169,4769237.5
1143001734,35745876.0
1143047042,9849202.0
1144429601,13239497.0
1144656675,93786944.0
1145920557,24828394.0
1145967559,20971918.0
1146131621,17435178.0
1147881605,38727356.0
1148019708,30478794.0
1148541354,33174076.0
1148886023,33625140.0
115061644,15070935.0
115078097,19739568.0
1151049976,11557210.0
1151284420,10154698.0
1151324021,21480450.0
1151780520,50088732.0
1151992282,21998346.0
1152013551,18575358.0
1152212686,9729741.0
115221470,22807134.0
1152668140,12240939.0
1153463658,28589894.0
1153586106,14544987.0
1154474865,38592348.0
1155876159,32162630.0
1156025460,21333136.0
1156133043,23198482.0
1156478311,5957514.5
1156548075,28501568.0
1156784512,4900682.5
1156966312,14032395.0
1157350549,32827326.0
1157443909,23799018.0
1157809969,10268249.0
1158664242,29689270.0
1159089979,11422386.0
1160053013,16245170.0
1160686668,25760626.0
1160906376,35614848.0
1161198334,18360000.0
1162694155,33670908.0
1162779364,17640060.0
116365849,14471917.0
116412859,15129734.0
1164570156,45109568.0
1164715267,48013012.0
1164876923,13718214.0
1164894495,24357314.0
1164972263,5992325.0
1165406994,14754898.0
1165584264,40415624.0
1166172413,533394.4375
1166895244,40093992.0
116714199,41346388.0
1167639431,21036428.0
1167794399,25768064.0
1168308277,43638336.0
1168445787,14953853.0
116873459,15933771.0
116932311,14388632.0
1169334826,7478028.0
1169693633,43682412.0
1169771634,42985188.0
1170310305,21624092.0
1170579868,7050688.0
1170773819,19340274.0
1172563804,10556859.0
1173152518,37212424.0
1173279604,13092881.0
1173338218,13557344.0
1173516975,15879775.0
1174872667,18595428.0
1175203365,19965738.0
1175487443,4285952.5
1176993573,27583600.0
1177210685,13283058.0
1177454800,31852292.0
117774602,15389334.0
1177765216,11108650.0
1178028129,27268710.0
1178264982,38352800.0
11785683,39159064.0
1178816469,24578238.0
1179315785,24423648.0
1179497817,38715420.0
1179944784,25353244.0
1179960916,35187832.0
1180454807,39544960.0
1181120822,16717950.0
1182519191,23599172.0
1182614734,10197601.0
118297093,18002800.0
1183225535,7537895.0
1183600513,13160993.0
1183713026,24750438.0
1184105273,16794420.0
1184367501,35011436.0
1184815546,27448082.0
1185025081,32679182.0
1185534283,9032797.0
1185885556,47109708.0
1186834536,28101772.0
1187497833,31191974.0
1188079800,61196012.0
1188186067,44646380.0
1188231063,34616064.0
1188467144,30208922.0
1189196490,22524116.0
1189198101,44612388.0
1189882633,11521959.0
1190040870,24451012.0
1190219966,32371690.0
1191879879,10193472.0
1193115461,9859338.0
1193187793,8281644.5
1194642850,18385646.0
1194958720,911485.375
119542887,11846166.0
119569312,31629762.0
1195836508,22259690.0
1195892797,24757908.0
1196305060,21935484.0
1196386464,13293757.0
1196398313,23073696.0
1196810623,11992552.0
1196813450,46472384.0
1197090770,17173338.0
1197154274,15292343.0
1197328245,33795732.0
1197569463,13526935.0
1198404856,34526180.0
1199075201,18129528.0
1199480876,4334971.0
1200859428,37292772.0
1201893930,13856459.0
1201963444,46286248.0
1202160868,16406471.0
1202189440,21739684.0
1202750543,39176288.0
1202918770,20754112.0
1202937149,14353736.0
1203069519,41063192.0
120316657,33382030.0
1203373488,17501830.0
1204016583,30109478.0
1204128117,19577618.0
120454717,36733368.0
1204737237,6360427.5
1205091053,12729435.0
1205814686,927343.5
1206024018,15067895.0
1206424468,24531712.0
1206756635,1260906.0
1208065896,10520595.0
1208252310,12856433.0
1208345452,33476036.0
1208430866,17642340.0
1208675647,19201012.0
1208691081,40374696.0
1208693295,5108137.0
120889622,17229354.0
1209606062,18355810.0
1209790776,26685952.0
1209871661,24972420.0
1210342871,12615330.0
1210515418,39045860.0
1210587430,16682409.0
121085860,9091147.0
1211230421,10335018.0
1212010438,23581616.0
1212038117,18232922.0
1212393638,21843034.0
1212871042,30679622.0
1213127443,19530306.0
1213666714,42453624.0
1213765725,28987772.0
1214044895,26399266.0
1214397068,16746625.0
1214512952,15822955.0
121475135,23066604.0
1215991037,5542859.5
1216072355,43800748.0
1216317941,16659963.0
1217410402,17969706.0
1217791119,9580405.0
1217958703,31797538.0
1218603542,38210220.0
121911992,37348568.0
1220297658,37423228.0
122051198,20975514.0
1220917059,26565988.0
1221258426,15366006.0
1221362931,17109618.0
1221381426,58091072.0
1221406995,39925448.0
1221742539,25580570.0
1222133853,19817998.0
1222630615,15819610.0
122338420,2411819.5
1224205322,17178052.0
1224736611,36579844.0
1224847193,19242976.0
1225450532,17732326.0
1225520998,8972155.0
1225673768,10771015.0
1225840812,11382119.0
1226855510,5360263.0
1227089589,24636144.0
1227183385,48967612.0
1227712146,42171020.0
1227918139,37655796.0
1228233821,24310470.0
1228313403,5119939.5
1229009812,18495746.0
1229431653,82096240.0
1229460419,14552474.0
1229817590,14692341.0
1230316532,41480812.0
1230560682,30650862.0
1230621880,42513220.0
12309827,21928836.0
1231226440,11258754.0
1231697079,39664232.0
1231863231,10466883.0
1232186307,8484481.0
1232310261,46636820.0
1232747090,23859136.0
1233060596,9486789.0
123334209,26940812.0
1233647449,14970843.0
1234678578,2495297.75
1234833384,20666362.0
1235576648,23083184.0
1236374724,27026450.0
1237182936,6461929.0
1237264265,22135932.0
1237489984,33155874.0
1237986882,13210157.0
1238101011,25067454.0
1238654489,22000030.0
1239295802,5135472.0
1240184920,5744556.0
1240454739,39799192.0
1240523415,18072774.0
124066139,22419702.0
124328628,23814006.0
1243449859,4420531.0
1243513614,37452524.0
1243704000,15391661.0
1244408534,26536910.0
1244455578,25750964.0
1244480043,42375512.0
124472978,69088880.0
1244975691,17696944.0
1245849000,5963720.0
1245928502,2646192.25
1246132974,22474084.0
1246200476,12416654.0
1246951286,38284360.0
1247221245,6880385.5
12479934,21838796.0
1249055479,11920759.0
1250068289,41485664.0
1250716365,5703433.0
1251107473,13604502.0
1251617657,18152060.0
1251709691,24628530.0
1251949974,13002667.0
1252094896,27053444.0
1252411470,24959602.0
1252611069,25737952.0
1252816216,30526560.0
1253194264,8825127.0
125372216,52748964.0
1254351455,21624224.0
1254516631,4042002.75
125491337,39548360.0
1255059548,17272304.0
1255398321,14591513.0
1256099564,26016842.0
1256445965,21351334.0
1256468646,41460696.0
1256728657,5543905.5
1257383754,40047340.0
1257421212,32001952.0
1257915194,4285930.5
1260137433,15615423.0
1260653598,23395342.0
1261276830,14116466.0
1262162310,17020052.0
126243235,16684896.0
1262638334,5257704.5
126292191,3859199.75
1263184114,15902679.0
1263186436,18422276.0
1263652588,9285100.0
1264252775,38807244.0
1264402606,15424557.0
1264405485,34498652.0
1265147,19143046.0
1265410353,12042971.0
1265787223,20374398.0
1266205757,14609467.0
1266853094,19856828.0
1267527309,28813234.0
1267843838,21898996.0
1268690857,32758262.0
1269542859,24520630.0
1270927994,13401917.0
1271131167,19387360.0
1272815573,809807.6875
1273060998,6202957.0
1274209772,35824844.0
1274283106,20492250.0
1274360676,8225821.5
1274887758,26772660.0
1275399938,25754308.0
1275413550,23943870.0
127549365,10742445.0
1276338,43065628.0
127685374,2056566.375
1277130036,40657908.0
1277779429,8680319.0
1277997835,18136532.0
1279207185,25899180.0
1279452497,9914242.0
1279922883,22654894.0
1280326574,22484396.0
1281123698,33454158.0
1281132907,27784178.0
1281187412,18179824.0
1281617406,31509696.0
1281716818,2586868.0
1282090367,13021787.0
1282708307,33765156.0
1282984514,43369248.0
1283139706,14200064.0
128322819,24005214.0
1283350450,23505104.0
1283948299,15739513.0
128415011,30155924.0
1284551049,13065659.0
1284692270,16760160.0
128473770,4591376.0
128534378,33674432.0
1285815102,15059437.0
1287137774,15221415.0
1287599105,16926302.0
128760129,11618864.0
1288024296,12489073.0
1288083028,31329332.0
1288164725,900511.0
1288235950,11085937.0
1289291739,39228876.0
1289430353,12743297.0
1289817070,9931777.0
1290135368,24972930.0
129024523,43942568.0
1290851559,48579208.0
1291664322,5983721.5
1291843132,5769423.0
129209722,15185729.0
1292224522,19553904.0
1292953870,14389815.0
1293152996,111446040.0
1293280118,43827876.0
12941029,15894715.0
1294349518,6511759.0
1294404640,33773112.0
1294425641,20469170.0
1294498545,20120434.0
1294967747,39210888.0
1295122573,15246718.0
1296026079,29543120.0
1296158394,34994516.0
1296378285,16031711.0
1296616398,19846206.0
1296705698,15061505.0
1297979214,42861176.0
129821472,30662276.0
1299169709,46825888.0
1299437625,45526244.0
1299619501,34189908.0
1300752555,26536676.0
1301030900,20418860.0
1301700701,35593204.0
1301915877,8660349.0
1302063280,12468251.0
130210548,21432356.0
13022798,6777607.0
1302388192,13591081.0
1302631485,35284796.0
1302863623,31668912.0
1303008801,26389590.0
130333675,31727620.0
1303545427,17430624.0
1304019786,22886544.0
1304076841,23394410.0
1304946705,30729594.0
1305851255,12483011.0
1305945063,22644290.0
1306118272,10810840.0
1306242007,33257754.0
1307673564,16070725.0
1308361192,38734156.0
1308712772,27296586.0
1308811067,25163716.0
1308854999,11277283.0
130896653,14932871.0
1309569449,9671058.0
1309590666,32033084.0
1310168063,5977211.0
131090356,19355442.0
1311553769,7296995.5
1311908023,13529195.0
1312106331,33527466.0
1312332530,15073144.0
1312603078,16353312.0
1312731404,40953024.0
1313426874,57413620.0
1314123130,9206054.0
1314512504,98438120.0
1315244095,30368556.0
1315470937,1918196.375
1315982675,17676180.0
1316186762,13658997.0
1316204196,14121640.0
1316609064,11260739.0
1316644727,6625041.5
1317306670,20133458.0
1317882125,23544316.0
1318012271,31366374.0
1318147806,25525982.0
1319168929,5301124.5
1319689782,8134020.5
1320127499,42209956.0
1320635088,16585142.0
1321225096,10590979.0
1321624749,3738710.75
1321696706,41758648.0
1321858818,13922656.0
1322512722,5353475.5
132297482,43369480.0
1323927568,10401432.0
1324100857,27212390.0
1324381186,15289163.0
1325213280,40056172.0
1325850373,25751584.0
1326205055,26449918.0
1327493309,13575054.0
1327774555,24336848.0
1328322443,3965964.0
1328802193,10781614.0
1329023921,38545364.0
1329259932,11701134.0
1329772894,31433868.0
1330314744,5541164.0
1330753679,37330372.0
1331009800,34118092.0
1331215036,14783832.0
1331804527,28138074.0
1332537675,27176176.0
1333013176,33097546.0
1333323193,3064816.5
1333513152,46913024.0
1333545021,20389670.0
1333811033,24598880.0
1333992399,34258976.0
1334762914,8060445.0
1335281249,8952542.0
1335443111,3689246.75
1335544887,12786713.0
1335592412,1939103.25
1336360883,5822089.0
1336389594,22778642.0
1336810376,33990180.0
1336932904,9331054.0
1337078502,24163714.0
1337120960,14036921.0
134044657,25752702.0
1340521330,23286730.0
1340593979,36985336.0
1341207041,10090858.0
1341714481,33078542.0
1342868804,24485394.0
1343063973,13947529.0
1343502374,71426776.0
1343567386,21045420.0
1343811983,12384246.0
1344008167,26060414.0
1344448641,28109510.0
1344586253,32195250.0
1344716673,5491954.5
1345065235,36859740.0
1345245728,2138769.25
1345654845,24249690.0
134590404,8973492.0
1346237879,33625972.0
1347503350,9055069.0
1348208306,26500462.0
1349180719,8467759.0
1349669233,18741506.0
1350435525,12987199.0
1350879005,39117184.0
1351186604,20962260.0
1351632859,31901302.0
1351904166,2961931.75
1351961112,13364206.0
1351998743,11809430.0
1352181090,12997077.0
1353473193,11988770.0
1354044881,2088928.875
1355862692,10969939.0
1356007766,14750458.0
1356168880,13268970.0
1356327004,39920104.0
135642091,33252326.0
1356918776,19965662.0
135705762,23203606.0
135816064,25441124.0
1358830044,20197476.0
1358974205,7826016.0
1359002610,22802646.0
1359515169,12208577.0
1360170550,17842828.0
1360300646,19884620.0
1360326854,14309541.0
1360402311,28681140.0
1360466594,13729056.0
1360733521,6009894.5
1361016026,14097899.0
136155089,24887268.0
1362292428,33986932.0
1362716105,10523467.0
1362822131,35105804.0
136297561,10390646.0
1362989536,10430141.0
1363462618,28236190.0
1363565700,24602282.0
1363797837,3673158.25
1364983245,65268644.0
136533490,25000334.0
1365951335,32420886.0
1365998277,27578826.0
1366879861,2002679.375
13669521,21663584.0
1366978345,9657351.0
1367860644,30969678.0
1368305183,13476826.0
1369498051,16076493.0
1369759542,1595621.75
1369958580,46856008.0
1370551843,18453108.0
1370772080,35248668.0
1370908966,46614740.0
1370980885,22130304.0
137125909,16791158.0
1371289079,97876120.0
1371295798,18875006.0
1372148138,23095972.0
1372668436,14549575.0
1372939585,12545973.0
1373056245,449674.21875
1373412871,17792150.0
1373525850,1649274.125
1373993427,12427477.0
1374720335,9125845.0
1375899592,23643422.0
137703328,27097590.0
1377072367,8512534.0
1377245819,18764422.0
1378327367,48843904.0
1378437661,42526688.0
1378554226,13306027.0
1378707340,16650869.0
1379155774,30827968.0
1379169508,19557046.0
1379539742,14357022.0
1379768967,13839080.0
1379824798,13041538.0
1380132238,30300294.0
1380260777,10962710.0
1380303573,13963562.0
1380675396,19566882.0
1381448451,19875714.0
1381499723,9866265.0
1381951281,23602262.0
1382153721,1729507.125
1382419218,44780756.0
1383201916,17873556.0
1383490675,14865898.0
1383643471,79856144.0
1383916122,35929652.0
1383943962,21510628.0
1384017339,29694682.0
1384184338,15889313.0
1384490774,2980109.5
1384646559,39729088.0
1385238075,3266961.75
1386193754,35264076.0
1386787318,63635808.0
1386819002,39325240.0
1387075985,31624290.0
1387313935,29329858.0
1387535498,46511932.0
1388113614,34601800.0
1388340073,19405306.0
1388664511,10026563.0
1388805125,28288070.0
138905402,11413459.0
139000518,34929676.0
1390844290,6286938.5
1391972105,10620963.0
1392908532,1626450.25
1393112843,40719108.0
1393113906,43750296.0
1393464846,23049988.0
139364004,36106864.0
1393977864,37850812.0
1394501149,8960729.0
1394944877,23032764.0
1395855517,13860695.0
1397101285,13058634.0
1397632023,5214766.5
1397934669,12395189.0
1398288110,13829119.0
1400163337,8386810.5
1401190092,36268548.0
1401260814,14342483.0
1401453180,32271018.0
1401492851,41790984.0
1402110978,16787458.0
1402939665,46451512.0
1403784174,17724008.0
1403887773,5456995.5
1404157831,25483836.0
1404653895,37290188.0
1404725415,1442560.375
1404894128,6343656.5
1405352188,15448984.0
1405357357,12011304.0
1406423940,29909690.0
1406712191,86842832.0
1407885779,18819972.0
1408309593,27300676.0
1408309914,24622866.0
1408381258,4550921.0
1408809043,11217997.0
1409034985,24904626.0
140908408,23709228.0
1409352707,28533220.0
1409795448,9647510.0
1409812663,34617884.0
1409819982,19103286.0
1409834623,24018384.0
1410465004,8842889.0
1410469104,27894226.0
1410622800,24307834.0
1411261124,11905401.0
1411320904,13841926.0
1413109088,27468674.0
1414827062,20015358.0
1415551121,14392359.0
1415878840,37429708.0
1415911189,22854924.0
1415947776,19106916.0
1415985021,22672624.0
1416188445,16494698.0
1417213302,38640620.0
1418151207,6309760.0
1418346061,25155370.0
1418743667,9929407.0
1419737241,42852564.0
1420713001,15330327.0
1420849171,37241804.0
1421347320,3801121.5
1421504701,19303180.0
1422080351,7539403.0
1422189334,1713523.875
1422990242,87160600.0
1423045565,35120644.0
1423495308,44844908.0
1424594455,27289940.0
1424878708,30949508.0
1426139538,21831200.0
1426419707,15655731.0
1428366870,24684046.0
1428421503,13954066.0
1428678345,13645686.0
1428779146,36344132.0
1428927390,4857068.5
1429007187,7044557.5
1429282372,37507284.0
142954907,13354461.0
143054339,11977672.0
1430680793,9002706.0
143086312,12564018.0
1430964180,17617290.0
1430990548,18315268.0
1431269886,6749089.0
1431785815,27951520.0
143218394,27115426.0
1432243469,35763348.0
1432892145,46977636.0
1432933730,38461964.0
14329699,13350446.0
1433376354,45900896.0
1433691788,44173120.0
1434403193,967822.0
1434791325,31183868.0
143490047,45075956.0
1435121390,35410568.0
1435328513,7339251.0
1435630017,14616398.0
1436142023,18369834.0
1436482509,5007929.0
1436859218,21427836.0
1438500383,30525014.0
1438829721,3062644.5
1439043900,26297106.0
1439119226,15502719.0
1439182190,4725917.5
1439521782,13240305.0
1439676215,34133916.0
1440669915,7617650.5
1440786471,11861928.0
1440793807,49698880.0
1440936021,8278873.0
1441087922,29397680.0
144171772,15122515.0
1441784238,23384298.0
1441883863,13676373.0
1441922145,13922878.0
1442380919,26753470.0
1442677643,39468508.0
1442757180,97760456.0
1442977400,12905695.0
1443195965,34733276.0
1444787435,28634596.0
1445218225,30057086.0
14464594,20731638.0
1446997687,33565764.0
1447365896,39820328.0
1449001100,34390904.0
1449650059,17620624.0
1449737778,3265590.25
1450458672,40432316.0
1451467100,11909136.0
1451735209,33499996.0
1452361658,32547052.0
1452379811,11805083.0
1452861350,35547752.0
145452470,8052082.5
1454539032,49307548.0
1454574812,13771456.0
1454666803,12928643.0
1455018552,14851576.0
1455182484,13388517.0
145520060,28911162.0
1455356970,1167838.375
145715195,31406338.0
1458455285,43491740.0
1458603236,45380900.0
1458936125,44765496.0
1459243003,7828119.5
1459246056,15504650.0
1460070291,36055856.0
1460169620,25572054.0
1460569717,20093882.0
1461203988,19327024.0
1461864942,28080838.0
1462225246,30967812.0
1462703823,38609316.0
1462817998,21934512.0
1463170775,57477692.0
1463760928,37316496.0
1464067272,2997158.5
1464195846,24766900.0
1464514902,19737150.0
1464708932,33747032.0
1465034134,22953306.0
1465451180,45279212.0
1465861460,98188040.0
1466277585,18418698.0
1466336547,11842464.0
146639315,28657902.0
1466475920,20880788.0
1466552052,23677722.0
146707180,5328749.5
1467315489,2362100.25
1467504794,39506936.0
1467774105,5454588.5
1467926978,17491282.0
1468498855,37899476.0
1468756529,17746612.0
1468837100,15944432.0
1469204842,19273076.0
1469397484,32895690.0
1470490836,43666336.0
1471965451,12940807.0
147247985,20475162.0
1472570933,15602779.0
1473178642,17849078.0
1473251410,14985362.0
1473643009,44288696.0
1473837408,29903696.0
1474802,15252705.0
147575332,39093640.0
1476140509,37561748.0
1477932383,43724908.0
1478935003,10711749.0
1478952559,2942350.0
1478980435,32274754.0
1479056032,25734826.0
1479278993,14530309.0
1479662815,8455805.0
147999969,23636652.0
1480015090,21674452.0
148026391,5093133.0
1482745022,37373396.0
1483015352,22108340.0
148410925,1894536.625
1484715800,40380924.0
1485059126,39596412.0
1485202068,25077826.0
1485243196,56775304.0
1486005454,8102713.0
1486161499,33328734.0
1487039870,35007380.0
1487875108,30813332.0
1488207903,22754990.0
1488818130,13424864.0
1488897987,28728724.0
1489045165,20552566.0
1489524392,13780771.0
1489736180,22553520.0
1490288364,21107476.0
1490288902,12570594.0
1490625839,31207090.0
1490651570,15082430.0
1490897298,34690888.0
149171657,1020570.125
1491755263,5705617.0
1491892661,18199068.0
1492918944,12092373.0
1493463657,14172137.0
1493878265,9137731.0
1494913704,16404750.0
1494979825,13924928.0
1495228614,32033978.0
1496209271,11833560.0
1496403230,27207668.0
1496431582,34617012.0
1496818965,21482142.0
1497112088,7681110.5
1497690655,24785666.0
1497910262,7870221.0
1498112374,20134220.0
1498169227,1194693.5
1498186855,8191577.0
1499101002,28986308.0
1499334485,24966678.0
1499664523,8881105.0
1500504787,32711136.0
150118880,30304566.0
1501373094,21006254.0
1501992544,15149160.0
1502235439,10448258.0
1502579060,26052734.0
1502922499,17470686.0
1503406074,16061909.0
1503432444,22700100.0
1504136393,42454708.0
1504335188,12271219.0
1505394276,18293570.0
1507234262,24657748.0
1507486833,13735334.0
1508068557,41172648.0
1508148479,15549687.0
150829925,20657262.0
1508354345,27613002.0
1508472508,34540928.0
1508618122,42536972.0
1508620001,21778836.0
1508977923,8457902.0
150927985,27545500.0
1510354639,18723470.0
1510914490,24417450.0
1510993504,23542580.0
1511322652,34764924.0
1511962884,18879566.0
1512838723,11779558.0
1512850495,23959036.0
151287602,5114404.0
1512952666,8228349.0
1513024405,14589365.0
1513150371,40335928.0
1513205058,25426550.0
1513799265,37963436.0
1514310552,12372437.0
1515153743,6878401.0
1515393570,24730452.0
1515398187,8688314.0
1515410962,9767018.0
1516521442,24652996.0
1516995529,16663047.0
151713753,18576590.0
1517727396,12519678.0
151860794,19215628.0
1518628,11214136.0
1518950329,10187387.0
1520168665,6669973.5
1520337338,29793918.0
1520411749,6699091.5
1520491105,15248342.0
1520792821,47059044.0
1521747050,19997354.0
1522018871,15841608.0
1522299531,29437740.0
1522696687,42557716.0
1523028462,24935770.0
1523056472,14505621.0
1523815176,28484298.0
1523816365,31325426.0
1524065031,45505212.0
1525514359,30435606.0
1525673866,34278336.0
1525718774,13298853.0
1525895247,12761335.0
1526710922,30440946.0
1527135891,21995278.0
1527754900,903473.3125
1529987878,8555057.0
15300104,97110736.0
1531401673,25781184.0
1532305303,15159960.0
1532453604,14407595.0
1532574065,24150102.0
1532618037,15420728.0
1533170890,21761830.0
1535753001,3413863.25
1536013291,96043584.0
1536554162,31922324.0
153701520,12721513.0
1537295793,22900964.0
1537612792,2271458.5
1538419481,10348402.0
1538735914,36361528.0
1538838475,18856460.0
1539063785,11712906.0
1539077803,32750612.0
1539121708,33737596.0
1539317937,32962238.0
15394025,21559590.0
1540321364,4076102.5
1541403568,33432630.0
1541594952,47310548.0
154166047,37729604.0
1542174621,24246350.0
1542688402,36480956.0
1542854880,19753168.0
1543187222,4181793.25
1543337964,31741742.0
1544649896,24246468.0
1545376775,2385978.5
1545502551,4565286.5
1545726270,57379064.0
1546030151,39463936.0
1546335052,10161695.0
1546987078,36330896.0
1547132498,14489495.0
1547383980,17134516.0
1548275506,54212028.0
1548384292,48304684.0
1548807993,48816360.0
1549569005,22085234.0
1549752262,16313186.0
1549969321,14092062.0
1550073112,2443069.75
15501420,14436803.0
1550321694,23777698.0
1550488966,7132616.0
1551124200,26643218.0
1551955168,36163588.0
1554262431,23527056.0
1555003570,1698110.375
1555358776,27618282.0
155607716,42345604.0
1556749829,24325522.0
1558011585,36335928.0
1558111862,7555866.5
1558388215,2522571.5
1559382509,1058695.875
1560371932,11233310.0
1560596813,12913792.0
1560979740,22575908.0
1561964580,5346871.5
1562930353,11617537.0
1563551205,2143095.25
1564077863,15843389.0
1564610733,26873574.0
1564773163,4708764.5
1565659681,54166592.0
1565917267,38458624.0
1566091785,36243832.0
156617626,20566466.0
1567215159,34150736.0
1567240868,20115594.0
1567987915,25368658.0
156923482,8549739.0
1569292827,13466984.0
1569586027,49148392.0
1570294420,6082999.0
1570996551,11111475.0
1571629834,27715564.0
1571989859,44763764.0
1572077556,28671332.0
1572313523,7563039.0
1573265064,21567326.0
1574093529,21594286.0
1574658840,14366169.0
1575193398,16992412.0
1575699398,3439251.75
1575838105,18079314.0
1575878213,3690426.5
1576075401,26200796.0
1576476901,18015220.0
1576583373,22016752.0
1577081676,24597884.0
1577342554,31335584.0
1577749325,13672097.0
1578003606,32317738.0
1578058220,7662122.5
1578211263,38034688.0
1578389721,11051439.0
1580349042,13843904.0
1581008259,10737374.0
1581277867,15281551.0
1581661244,23100444.0
1581911837,46334260.0
1582641302,14997824.0
1583049009,1681229.75
1583469297,6772452.5
1583575125,14191870.0
1584275682,17696672.0
1584525412,15354103.0
1585175837,2667518.25
158600441,46022712.0
1586020132,30836308.0
1588262518,16182494.0
1588391099,24833508.0
1588680127,31843574.0
1589054049,27992534.0
1589504167,35109924.0
1589536656,9887000.0
1589815086,17688538.0
1589818388,11459205.0
1590107406,28616180.0
1590896438,18970786.0
1591270263,21851684.0
1591896245,86574456.0
1592028463,14914256.0
1592142915,15787160.0
1593073950,32480206.0
1593670014,85977304.0
1594680718,33525648.0
1596032191,43377940.0
1596975846,16555680.0
1597037969,33855104.0
159728104,5061795.0
1597972696,29152546.0
1598413478,14079454.0
1598640111,20705988.0
1599199896,20334958.0
1599535626,8645433.0
1600289088,49455020.0
1600786919,24904562.0
1601182773,22967342.0
1601435645,51600788.0
1602223918,13473865.0
1602905225,3533002.75
160304623,26389920.0
1603564643,1488996.25
1604075745,15516107.0
1604682698,4315993.5
1604827486,1697514.0
1604997608,1604088.0
1605583525,17600862.0
16056728,15019587.0
1606256479,29253530.0
1606735239,10959599.0
1607839214,1589475.125
1608162606,33724868.0
1608936559,40845176.0
1609335109,26861004.0
1609533346,45401308.0
1610679388,9586861.0
1611086980,6651735.5
1611412719,23962422.0
1611903434,27457594.0
1612001071,33814032.0
1612378786,5588888.5
1614449749,32894510.0
1615434918,42844940.0
1615579402,4035748.75
161634165,2180037.0
1617349975,25751426.0
1617513368,33898216.0
1618392128,16791330.0
1618625554,39666252.0
1618925523,33508414.0
1619163114,5354545.5
1619221407,15253751.0
1619860105,28158752.0
1619916038,14245783.0
1620285867,8581017.0
1620428700,23679658.0
1620546331,46440040.0
162074135,23023454.0
1620780544,99255224.0
1621385832,13571209.0
1621723918,38907432.0
1623317210,26196880.0
1623442846,34749992.0
1623956255,7036007.0
1623999136,32374352.0
1624345201,33408570.0
1624372288,16253619.0
162470245,18806232.0
162473826,31520526.0
1624946114,25779518.0
1625034248,129472240.0
162519695,31073312.0
1625745624,10853331.0
1626202772,4511009.5
1626915631,19946454.0
1627335941,28083138.0
1628179902,8114075.5
1628229717,22442356.0
1628413179,21293324.0
1629408654,31403680.0
1629483578,20916058.0
1629630320,8321109.5
1629689447,2878079.5
1629811500,29655572.0
1630776219,9809416.0
1631086595,5715972.0
1631468294,13459029.0
1631711806,43383532.0
1632100990,30943584.0
1634285282,30494046.0
1634326347,20185518.0
1634360802,27440218.0
1634424569,24956348.0
1634480723,22712348.0
163451209,40497652.0
163476947,19307078.0
1635784610,23119594.0
1636010620,13016885.0
1636236422,4577362.5
1636839556,7066800.0
1637566181,6533080.0
1639452758,2408468.25
1639567332,4627354.5
1639902716,5242775.0
1640268888,18591398.0
1641830703,19956564.0
1641954963,18154492.0
1643809761,41446196.0
1644590740,8780125.0
1644658450,35417860.0
164485476,15262039.0
1644902098,21377100.0
1645190894,4799829.5
1645642446,22951574.0
1646024876,13764080.0
1646955799,12342143.0
164704160,7689392.5
1647300577,13361169.0
1648296438,26203350.0
1648696068,11899530.0
1648788779,28194852.0
1648850145,12932663.0
1648874386,18959642.0
1649389583,23626958.0
1649578950,32000330.0
1649903157,29992788.0
1651389423,210349.203125
1651583380,16384509.0
1651774395,38390924.0
1652980170,28048112.0
1653291955,117203312.0
1654870677,43482872.0
1655275723,22795088.0
1655348994,2892820.75
1655475911,14681754.0
1656259852,25841330.0
1656399146,21543374.0
1656925167,34067672.0
1657320721,13894600.0
1657929016,17638918.0
1657968878,25184070.0
1658078764,22744158.0
1658184508,22504880.0
1658596830,12876622.0
1659335465,13800661.0
1659962584,31751314.0
1660244527,23374980.0
166025874,30476570.0
1660602691,12491963.0
1660661980,44521164.0
1660799803,48232392.0
1661154530,16934346.0
1661430557,23148590.0
1661524777,20645626.0
1661526202,9899661.0
1661638929,22927502.0
1661763697,28442112.0
1662173870,20983462.0
1662268738,31991974.0
1662687419,26210276.0
166359850,5626196.0
1663794609,17908400.0
1664392747,12450737.0
1665260315,22571638.0
1665388352,5391954.5
1665430610,6868027.0
1665520868,23275132.0
1666964510,46695860.0
1667198396,8157681.5
1668010195,28546766.0
1668145206,32741442.0
1670185458,12202786.0
1671252065,39810772.0
1671609576,80582736.0
1672768888,38615896.0
1673268347,29824234.0
1673625048,23392846.0
1674295644,12928638.0
1675650279,11184422.0
1676614556,31908004.0
167710205,23094962.0
16772170,23257952.0
1677283833,6984872.0
1677800417,23715874.0
167894616,22333664.0
1679874568,14664464.0
1680042910,36827964.0
1680431277,36184264.0
168061802,12457093.0
1681004836,5479416.5
1681182451,28603174.0
1681527450,15000375.0
1681633280,27303888.0
1682023828,19869216.0
1682147975,19860270.0
1682484424,41505272.0
1682593981,22537780.0
1683132366,37169996.0
1683302272,25362236.0
1683825449,2308875.25
1684089827,45375716.0
168418573,10333200.0
1684326948,25904486.0
1684933908,4590710.0
1685019931,14798331.0
1685242429,34486100.0
1686360114,12898573.0
1686946930,16018169.0
1687509482,13376482.0
168767737,41918540.0
1689485714,2715001.75
168971389,24681932.0
1690036617,13667706.0
1690103774,8450098.0
1690638243,3018685.75
1691469020,34209912.0
1692142371,15010929.0
1693072720,42162056.0
1693143731,26652202.0
169373282,35885660.0
1693921711,12096408.0
1694030992,18257882.0
1694575431,2932619.75
1695242036,89722744.0
1695279540,11159751.0
1695338074,13429253.0
1695946599,9803896.0
1696258620,20897410.0
1696996524,25118258.0
1697079567,15561416.0
1697222465,2220202.75
1697657827,3436169.75
1697785095,37551880.0
169780169,12736680.0
1698542566,16941748.0
1699141889,18790334.0
1699258551,28675734.0
1699600971,141423984.0
1699815038,19771374.0
1699926293,6305357.5
1699985892,26893680.0
1700066296,14223630.0
1700782638,31768508.0
1701344440,20622690.0
170141525,16053667.0
170304451,11985376.0
170324231,18550598.0
1703389207,23372420.0
1703579897,14443387.0
1703761748,14578273.0
1705645428,33265984.0
1706108287,109745704.0
170636008,13355467.0
1706429174,28262146.0
1706429422,2597097.75
1706528456,27535788.0
1706713696,7665091.5
1706899314,25839744.0
1707876109,8237476.5
1708616629,11638409.0
171128613,21391842.0
1711387065,14773152.0
1711679486,21217318.0
1712287962,13657535.0
1713060234,27812146.0
1713718675,118348408.0
1715044834,24682192.0
1715364070,46782656.0
1715364074,21295306.0
1715443472,13472405.0
1715557437,31114246.0
1715687089,12306240.0
1715793101,2300820.25
1716034916,16355251.0
1716347823,42284612.0
1716526774,18921722.0
1716645489,12527709.0
1716969091,47758472.0
1717221114,13459091.0
171737219,8235961.0
1717415379,4682904.5
1717484811,14536042.0
1717798416,34773868.0
171810378,22397600.0
1719235086,37962596.0
1719245626,6477440.0
1719433737,24211868.0
1719597797,33660480.0
1719726780,30175424.0
1720208457,21488434.0
1720253120,28997152.0
1720293161,34190340.0
1720454415,35687964.0
1720670372,37761348.0
1720735340,13258792.0
172079595,20323418.0
1721503729,24417504.0
172176256,24119260.0
1721991763,25836174.0
1722509757,18915810.0
1722759514,11990219.0
1723032775,6890191.5
1723087216,26863616.0
1723127195,37631048.0
1723316358,16955404.0
1723515721,29274444.0
1723732316,13109434.0
1723776969,2292407.75
1724289263,23531434.0
1724299406,11747467.0
1726121040,3255428.5
1726323286,30689228.0
1726812579,32819428.0
1727827807,26529994.0
1728660440,5627045.5
1729926080,11986141.0
1731066898,20521564.0
1731714122,35277660.0
1732695189,5268934.5
1733209033,18493668.0
1733596939,6111033.5
1733612481,19239222.0
1733911532,18881906.0
1734295674,47974172.0
1735813288,14624115.0
1735819387,6699697.5
173596008,13435418.0
1736527312,44045276.0
1736532886,16377531.0
1736854089,5391296.0
1736887256,12568985.0
173709392,29583040.0
1737668345,20366524.0
1738403576,37476972.0
1738764422,6650766.5
1739802388,10127456.0
1740328011,8681646.0
1740823378,49971724.0
1741209207,24281156.0
1741955384,37322932.0
1743369462,45381696.0
1743489729,43096972.0
1743555255,41227612.0
1743644366,9283783.0
1744142334,19594774.0
174440162,23684114.0
1744568592,29975834.0
1745740570,37954452.0
174632671,41351204.0
1746627122,23907094.0
174665938,40648648.0
1747740263,28597986.0
1747934768,16240435.0
1748740759,13229575.0
1748860795,110283248.0
1748955950,36274096.0
1749512862,25698130.0
1749998093,12048762.0
1750605999,17454428.0
1750651686,13685184.0
1750993698,2913437.25
1751148179,34350400.0
1751474541,13423821.0
1751562628,21710022.0
1751929672,11706913.0
175210054,36230732.0
1752203871,4488985.5
1752478532,22645476.0
1753268302,26745718.0
1754092095,13511269.0
175496162,32240426.0
1755540451,36440072.0
1755887993,5926880.0
1755961125,21552038.0
1756609825,7422947.0
1756765333,10166049.0
175688626,17549204.0
1757430442,17868284.0
1757773372,23657632.0
1757905171,24668784.0
1757957502,20621236.0
1757976565,19154762.0
1758074328,27138346.0
1758611649,28281930.0
1759099392,38039444.0
1759406556,40215316.0
1759818483,38987968.0
1760522040,22161810.0
1760560295,23469900.0
1760782229,32445138.0
1761888205,23576032.0
176208627,27832478.0
1762452214,16832788.0
1762520288,21603234.0
1762800686,27704320.0
1763620369,22759242.0
1763883518,25295148.0
1764135151,25116738.0
1764657278,13509831.0
1765523027,31643574.0
1765653499,35508084.0
176610965,13131976.0
1766443401,17828508.0
1766534340,36250644.0
1767292193,8132696.5
1767607190,22889764.0
1767609008,22172368.0
1768119102,18633958.0
1768985902,9655998.0
1769065012,13091082.0
1769298661,180756640.0
1769476908,8810463.0
1769603534,14902187.0
1769646417,1742527.875
1769799537,23033762.0
1770019322,27166144.0
1770106786,14878160.0
177172682,33120374.0
1772505459,22593814.0
1773683784,32902726.0
1773949014,7568297.0
1774723599,25845552.0
1775136122,22952434.0
177550234,38818720.0
1775647481,18176196.0
1775801651,24336362.0
1775813844,27457450.0
1776451314,1887768.875
1776691317,6856447.0
1776713737,13693136.0
1777396091,27135.220703125
1779391530,7879170.5
1779689959,18694406.0
1780386598,13155998.0
1781467903,47450528.0
1781550495,3425108.25
1781647655,13367362.0
1781778742,33034330.0
1782053877,43078764.0
1782769219,9573347.0
1783227362,28867270.0
178388505,20491410.0
1783998777,24276368.0
1784654137,19119658.0
1785316234,21411188.0
1786190716,39357224.0
1786373879,24247722.0
1786546007,28926556.0
1787166170,24730538.0
1788115924,32838582.0
1788257639,9717734.0
1788393935,20755574.0
1788462973,20742010.0
1788475055,31702900.0
1789035596,11970578.0
1789379263,25831566.0
1789674628,11165200.0
1790237967,14926177.0
179172057,13661243.0
1791796685,24457764.0
1791813636,33150594.0
1791845986,40005532.0
1792156909,11813699.0
1792246519,19669540.0
1792578983,29738254.0
179274595,31812622.0
1793124953,3187381.5
1793159751,34868520.0
1793898002,36695932.0
1794463173,26563702.0
1794819627,34422216.0
1794934646,34340424.0
1795292478,15468102.0
1795338519,13167998.0
179557243,27572486.0
1795671462,26641266.0
1795904391,18178974.0
179602059,11775197.0
1796325099,10651905.0
1796633847,14054129.0
1797486117,16456425.0
1797680186,13173909.0
179779377,12910387.0
1798318472,34795468.0
1798616699,22479830.0
1798763550,39212260.0
1799121124,14368366.0
1799317581,4443581.0
1799700929,14510747.0
1800167155,35371524.0
1800755038,10769323.0
1801472008,28406922.0
1802083169,8287868.5
1803024456,18134874.0
1803649716,12379723.0
1804722097,14652904.0
1805163148,10017974.0
180533806,19887938.0
1806062532,10222271.0
1806978810,25870630.0
1807322886,47776000.0
180780074,26712992.0
1808333342,19891510.0
1808636333,19377378.0
1809434679,3590579.25
1809643885,17426492.0
1810181081,41172584.0
181020879,37669880.0
1810569276,24297410.0
1811138058,43985960.0
1811447173,17544086.0
1811597681,22516346.0
1811799403,7911410.5
1812243383,27083082.0
1812530029,29503204.0
18127665,23784640.0
1812973892,19721612.0
1813996452,5143813.5
1814163394,35394764.0
1814395807,13679395.0
1814422403,15156194.0
1815679485,23016016.0
1815898226,38516472.0
1816130376,20350368.0
181652593,15009896.0
1816632503,13209912.0
1817132723,13958014.0
1817257889,26703342.0
1818084116,8564749.0
1818783494,20661918.0
1819063548,14208767.0
1819304269,14972051.0
1820656773,103669192.0
1821157338,13044423.0
182217869,1277526.125
1823143377,17695008.0
1824108386,16812662.0
1824522400,34629216.0
1824572000,33811256.0
1824945831,41898316.0
18251110,22663990.0
1825538395,13827302.0
182597807,16525269.0
1826374500,39531684.0
182643837,14244755.0
1826449212,27838438.0
1826501432,7767316.0
1826711868,20817498.0
1828778344,7273295.0
1828920318,25033318.0
1829212447,37566020.0
1829317537,25523038.0
1830620007,17986732.0
1831234213,34249092.0
1831669972,14785042.0
1831684091,4030010.75
1831908817,31016512.0
1832071910,15004986.0
1832091009,15305760.0
1832426496,24980036.0
1833056456,81489392.0
1834871313,39884488.0
1835005464,39240632.0
1835067453,42364508.0
1835099392,10340134.0
1835455190,10326930.0
1835564874,10831077.0
1835654817,4501425.0
1836284955,30504624.0
1836428949,23816618.0
1836595133,14273856.0
1837119233,37124888.0
1838224308,3722832.0
1838686470,5810087.0
1838711796,2896258.0
1839299575,8990119.0
1839726831,6433491.5
1839790504,27775494.0
184072039,4083293.5
1841216352,3559008.5
1841261584,22669838.0
1841507406,12336983.0
1841591861,37996044.0
1842229161,10618433.0
1843093978,23538910.0
1843142280,15465761.0
1843620759,25994958.0
1843632563,16003989.0
1843833141,36784984.0
1844551215,25231966.0
1844739598,26149456.0
1845121712,30372932.0
1845769876,3080917.5
1846684619,15536152.0
1846840995,8069801.0
1847968967,9870648.0
1849119005,13476411.0
1849317504,14622775.0
1850082750,49251648.0
1850210479,22676804.0
1850591968,27557372.0
1851032672,13849974.0
1851161121,8349825.0
1851390140,20060156.0
1851898052,15347462.0
1852767260,17612434.0
1853223684,1363634.25
1853276328,39245016.0
1853859222,18597186.0
1854335056,5650319.5
1854574855,17951416.0
1854887250,15240846.0
1855064415,18331388.0
1855661855,8650199.0
185567792,29305366.0
1855826168,7653155.0
1855935175,14955382.0
1856167517,9577656.0
1856417656,42427716.0
18571830,17351592.0
1857763337,33883708.0
1858289655,14162025.0
1859064021,15314441.0
1859988202,34201784.0
1860710944,6999484.5
1861285891,1939029.875
1861660050,28807100.0
1862166743,18810480.0
1862271399,31689314.0
1862435137,5793141.5
1863453539,28501186.0
1863501017,35015228.0
1863760997,8063564.5
1864620519,38043640.0
18648159,720160.125
1865504994,4239868.5
1865633574,23213458.0
1865737747,13354552.0
18657417,19492970.0
1865843606,15067018.0
1865913355,45731380.0
1866698002,13663022.0
1867486262,26493674.0
1867686081,7155421.5
1868044102,21706022.0
1868055015,34326648.0
1868929278,22770498.0
1870037465,26619854.0
1870454237,37922036.0
1870701794,26867324.0
1871043808,47788104.0
1871191112,16487034.0
1871968542,32948286.0
1872192743,8570658.0
1872198951,6588415.0
1872225344,14259856.0
1872804096,23050268.0
1873270781,6932747.5
1874004596,1861356.75
1875657758,35093528.0
1876671297,6597160.0
1876949337,11536042.0
1878582672,21377722.0
1878733954,24202354.0
1878896337,26310674.0
1878955525,16896316.0
1878970870,21344444.0
1879087982,13841954.0
1879296448,20115090.0
1880040804,15605104.0
1880204801,39946144.0
1880398218,26519086.0
1880583834,38591252.0
1880939208,33612852.0
1881764531,10064983.0
1882712565,28504130.0
188273373,21681660.0
1882911072,18829584.0
1882922899,23843934.0
1883441517,34809516.0
1884723388,12051601.0
1884798253,10517936.0
1884830819,14303517.0
1885439679,11351790.0
1886082746,6514941.5
1886132728,36756352.0
1886518658,35910048.0
1886807659,7912492.0
188702805,19755468.0
1889513659,24195936.0
1890758946,6648203.0
1891060441,24790524.0
1891540960,35862656.0
189170487,2972582.0
1892420880,31438028.0
1892458643,26389980.0
1892613199,23614692.0
1893038040,23842636.0
1893068646,9652989.0
1894753062,1107246.875
1895468753,116470440.0
1896442715,27733860.0
1897667816,36274820.0
1897950727,14516450.0
1898096379,26743454.0
1898489833,6000992.5
1898739617,17986740.0
1899472468,27014318.0
1899800878,9536337.0
1901160328,40922688.0
1901341944,25213380.0
1901451204,69008760.0
1901468420,12564827.0
1901510262,12270135.0
1902781091,18746774.0
1903117847,27223914.0
1903754009,10010827.0
1903980729,37099600.0
1904636663,464525.25
1905116359,30788026.0
1905595447,17036438.0
1905774586,13870047.0
1905853958,33345482.0
1906018481,8336638.5
1906047568,26722006.0
1906128718,21798090.0
1906382584,28446816.0
190677969,26066538.0
1907774691,37693772.0
190780422,36425324.0
1909294870,23952554.0
1909648876,31459634.0
1910060762,44951388.0
1910316118,23658698.0
1914551582,2118749.0
1915120001,20399372.0
19158067,27673870.0
191585691,18048110.0
1916098264,14071378.0
1916256571,2477379.75
1916359061,36014892.0
1916369926,31877482.0
1917116333,41392184.0
1917179195,36932468.0
1917587480,20072358.0
191762753,28089594.0
1918223103,33418098.0
1918985323,26051392.0
1919474054,13158557.0
1919798312,6094588.0
1920366592,13186150.0
1921190791,34520300.0
1921235346,11025192.0
1921309861,9847072.0
192155472,6160034.5
1922746186,979476.3125
1922928795,33920444.0
192314279,28936434.0
192366411,27357376.0
1923797563,26988750.0
1924495284,13439205.0
1924743413,33439244.0
1924922539,21087424.0
1925239253,24265756.0
1925624997,30954422.0
1925715598,36138488.0
1926320424,11059875.0
1926480333,20509670.0
1927139239,44092644.0
192728586,12529715.0
192793377,26231392.0
1928407573,49478624.0
1928431667,10654931.0
1929164473,19111630.0
1929846898,26936142.0
19300115,25279076.0
1930072891,22173138.0
1930350882,13123190.0
1930910492,34429848.0
1931003368,25156892.0
1931054738,40439484.0
193133108,35396696.0
1932085211,15524885.0
1932357263,15836917.0
1932507138,75326552.0
1932557349,12367505.0
1933620335,14270939.0
1934275056,11953054.0
1934424239,10870769.0
1934879177,20509474.0
1935350799,41870912.0
1935360274,14605583.0
1935843871,34035804.0
1935868295,30850780.0
1935914168,24858274.0
1936195722,11596125.0
1936300233,24512292.0
1937030026,38025524.0
1937446779,15825501.0
1937507851,28895170.0
1937614327,16920644.0
193843079,40328900.0
1938733247,35235520.0
1938936784,33854856.0
1939361933,35049956.0
1940128942,18533954.0
1940173727,6632060.5
1941149175,31268244.0
1941203214,92531568.0
1941854038,33438236.0
1942313227,5758428.5
1944222041,44502360.0
1944298104,8040196.0
1944510494,14361841.0
1944643290,43667608.0
1944707401,17921426.0
1945751257,5040452.5
1945820116,46665220.0
1945849426,11252922.0
194733581,12959943.0
1947346004,14428215.0
1947956760,20225796.0
1948750016,19043044.0
194876550,13426104.0
1948972482,34726472.0
1949686553,41208104.0
1950701043,15237072.0
1951039615,1510241.0
195176937,20384206.0
1952535138,106072528.0
1952582653,30670314.0
1952721373,39346200.0
1952931081,39692136.0
1953138312,32496948.0
1953257627,16757550.0
1953598276,34433192.0
1954821193,4152140.0
1955490899,7570306.5
1955779485,18807382.0
1955898931,24697732.0
1957001722,4437480.5
1958783411,2746432.75
1958975304,42937592.0
1959174388,10047418.0
1959562653,43234824.0
1959656681,24031826.0
1960821874,15188781.0
1960993069,5832032.0
1961015312,11128341.0
1961054869,9390436.0
1961242037,44203844.0
1961478761,10480150.0
1962871620,41448696.0
1964341024,43733880.0
1964644389,37168968.0
1964692006,14399151.0
1965617534,26012134.0
1965958838,64953644.0
1966128483,40159596.0
1966946877,21530218.0
1967058693,13870248.0
1967517664,803651.8125
1967519993,27704868.0
1968247852,38804132.0
1968266635,23215070.0
1968452436,6457368.0
1968548956,25150346.0
1968713287,19475820.0
1968875409,41227836.0
1968971812,18148740.0
1969603655,32356406.0
1971078859,7306572.5
1971246791,18607086.0
1971921824,23631328.0
1972142054,27135.220703125
1973374818,5255792.5
1974334562,9887035.0
1974801335,39265192.0
1974954382,37687868.0
1975499650,18518928.0
1976221589,33076220.0
1976318031,12871328.0
1976397923,30007260.0
1976411609,251809.015625
1976874664,908186.375
1976898008,11642427.0
1977710580,10522051.0
1978175507,5637811.5
1978423282,16695437.0
1978782208,41588440.0
1978937101,32653678.0
1979414645,38322952.0
1979433271,12406670.0
1979650817,16199799.0
1980354448,6461509.5
1980852920,8471483.0
1980987289,14265279.0
1981376709,14599762.0
1981786043,26100156.0
1982000617,21676288.0
1982411840,42381164.0
1982481899,40982556.0
1982713983,4084080.5
1982715643,27426160.0
1983225223,14874535.0
1985303186,49600884.0
1985678764,29406150.0
1985693390,38105648.0
198638893,10802866.0
1986575526,21823290.0
198682017,31207378.0
1986989682,14790277.0
1987113732,13585265.0
1987229111,24784030.0
1987249545,37708592.0
198867973,38362592.0
1988880787,40772252.0
1989256535,1416859.75
1989353125,31129626.0
1990182822,8766618.0
1990497735,15669929.0
1990609571,30535882.0
1990820295,17270324.0
1992266152,13993386.0
1993266310,3823486.5
1993943486,14360887.0
1994199906,25604858.0
1994642240,24432878.0
1995347945,21594030.0
1995599794,30379906.0
199582827,7451688.5
1997083621,22552210.0
1997323827,24596250.0
1997580295,1098040.625
1997833316,34074500.0
1998334245,17291078.0
1998406927,41736872.0
1998574146,7954833.0
1999069755,5816512.0
1999102785,37581944.0
1999108551,17188794.0
1999394129,33134652.0
2000907542,19620970.0
2001017606,54474844.0
2001460750,14773273.0
200158446,18188882.0
2002669790,80127040.0
2002725107,31906474.0
2003083584,23641932.0
200379470,56057764.0
2003893450,29281322.0
2004361641,22292914.0
2004595262,1468859.75
2004651893,32000430.0
2004887431,24328174.0
2004954966,20487718.0
2005353626,27104086.0
2005425916,34278312.0
200552542,28462850.0
2005741062,15083658.0
2005994164,38821404.0
2006751190,24851254.0
2007113614,8291468.0
2007711771,21030752.0
200821018,8170745.0
2008705973,31528434.0
2008784978,10451959.0
2009441891,17572718.0
2010134997,13458538.0
2011752968,26750368.0
2012596362,14692838.0
2013016800,9669873.0
2013881454,12665528.0
2016157485,18016594.0
2016386189,13329689.0
2016414965,17709042.0
2016558091,20926218.0
2016646743,15617720.0
2017959345,43944356.0
2018075399,34341644.0
2018282296,26450386.0
2019811608,30208718.0
2020513924,7229715.5
2021536071,3429442.0
2022319185,13602149.0
2022459192,38522364.0
2022788411,10710454.0
2023822472,12263610.0
2024224666,10257353.0
2024244514,21321924.0
2025656749,25952132.0
2025696150,13914525.0
2027287755,26185314.0
2027331652,37588780.0
2027734887,17774886.0
2028882784,22063792.0
2028902471,7590757.5
2029017299,14995098.0
2029088665,22646514.0
2029227684,17653456.0
20299536,8466599.0
2030007913,16361218.0
2030187994,20119324.0
2031010417,29372028.0
2031230651,22458610.0
2031983776,30309918.0
2032023904,20304698.0
2032702391,17288098.0
2032750328,65641564.0
2032937707,30580544.0
2033966709,11842489.0
2035164017,37770204.0
2035757010,89693128.0
2035942736,14887273.0
2036013773,14037579.0
2036127405,20460438.0
2036305444,26713446.0
2036676417,18147078.0
2036796483,18142396.0
2037493679,8200949.5
203851739,17554904.0
2038770854,19913290.0
2038968981,14590032.0
2039291759,25436288.0
204024042,37544632.0
2040453791,5283429.0
204093228,1974578.25
2041632201,101143312.0
2041775030,39979136.0
2041930867,13427845.0
204307461,23744658.0
2043659895,26763980.0
2044398089,45327588.0
2044671025,83173936.0
2044757067,11525391.0
2045714087,14565832.0
2045964904,44136616.0
2047074908,23028074.0
2047191062,13268899.0
2047270271,17874054.0
2048021885,12828786.0
2048286171,41279300.0
2048730277,4928710.5
2048913738,8148661.0
2050668718,15342665.0
205084535,12931493.0
2050966683,5258420.5
2051308303,23311244.0
2051518722,10577386.0
2051598941,15135845.0
2051607850,14559136.0
2052139341,35606372.0
2052538731,13979912.0
2052946195,28838788.0
2053110098,14377015.0
2053632090,53620084.0
2053812393,27689180.0
20563182,29861756.0
2056671932,7750576.5
2057052426,15226223.0
2057869390,13682435.0
2058123042,23000598.0
2058169074,8733990.0
2059121348,36030788.0
2060217906,16767314.0
2060547770,13448798.0
206114058,14024045.0
2061228835,15719127.0
2061618436,30534092.0
2062250977,15126982.0
2062988165,20037354.0
2063146040,41591400.0
2063861368,19481056.0
2065079405,33654012.0
2065521590,1233170.125
2065597796,34992948.0
2065653890,31107134.0
2066915886,45770504.0
2068030821,18221398.0
2068848666,40775040.0
2069031822,23008092.0
2069090926,31096064.0
2069307715,1801149.375
2069559649,22601516.0
2070104123,26732480.0
2071148695,13885723.0
2071458107,16430342.0
2071870327,18007512.0
2072921427,2934128.25
2073110408,16411359.0
2073538897,20159892.0
2073971579,42534452.0
2074034074,30490442.0
2074392832,31720164.0
2075525081,13274851.0
207595769,6399011.0
2076133881,15422518.0
2076290808,25982730.0
2076549061,44149976.0
2077216136,31132194.0
2077509445,13755953.0
2077949382,18038190.0
2078036577,11353335.0
2078043176,14098181.0
2078428453,8855082.0
20800206,19261092.0
2080279159,1319886.375
2080997818,26103702.0
2082428029,14345309.0
2082914130,33485444.0
2083322756,10989589.0
2083987400,18545558.0
2084403564,16917102.0
2084710025,43589228.0
2085037926,21982394.0
2085313955,19266990.0
2086986037,10901794.0
2087122112,8190276.0
2087128303,12233749.0
2087137021,24864428.0
2087503629,12594306.0
2087820569,41000004.0
208932047,43044448.0
2089427669,16923506.0
2089933825,31472142.0
2089978295,21809458.0
2090283127,23397792.0
2091187701,8977682.0
2092330285,36155872.0
2093148520,44993528.0
2093163016,5498822.5
2093229209,17180428.0
2093261710,18440078.0
209390995,20452806.0
209395286,8498722.0
2094532002,10442746.0
2094878137,42148556.0
209605935,52814984.0
2096410643,24339886.0
2096934133,29023856.0
2097363955,2445745.75
2097399815,27451900.0
2097946538,13071295.0
2098049448,32485868.0
2098427799,12663805.0
2098480389,7585742.5
209889369,31939938.0
209903743,28104258.0
2099111512,14415971.0
2099188181,27576154.0
2100672087,20092638.0
2102146521,31302998.0
2102336886,10419629.0
2103302405,38195560.0
2103592881,14245851.0
2103795419,7120975.5
2103910969,11417550.0
2104068675,16293227.0
2104667466,14638925.0
2105035561,44106396.0
2105166580,4092562.25
210552520,18993564.0
2105636637,19334364.0
2106131599,14510263.0
210685172,8950944.0
2106914826,13960533.0
2107604690,32389694.0
2108323402,25255554.0
2108839581,12326031.0
2109432804,15314317.0
2109873524,13898296.0
2112104574,1615543.75
2112712671,18208938.0
2112746396,24080230.0
2112945760,38629368.0
2113185923,13575445.0
2113344113,18631018.0
2113400099,15554050.0
2113499371,29785476.0
2114226154,-480003.53125
2114282803,5109939.0
2115123079,25679126.0
2115485339,24767246.0
2115694605,27214476.0
2117536679,23853380.0
2117869880,12030911.0
2118235342,13921629.0
2118374163,22707750.0
2118470487,25297228.0
211924631,36831128.0
2119734908,6051000.0
2119844876,10512525.0
2119870594,45792360.0
2120208059,92234008.0
2120275547,37227796.0
2120732368,1056942.375
2121286737,14239354.0
2121436684,933714.5
2122113374,15474757.0
2122203860,11976278.0
2123713653,18838096.0
2124051187,28854228.0
2124411076,28753414.0
2124648555,15549744.0
2125347371,13941301.0
2126797141,19803980.0
2127289872,10313919.0
212785561,74193.0546875
2128229102,34818916.0
2128285437,6640125.0
2128778403,42195444.0
2128830140,6544796.5
2129125521,33495050.0
2129284755,18207770.0
2129502665,3944290.75
2129545217,29359970.0
2129562725,10446857.0
2129875728,21190238.0
2130327925,3930522.75
2130511603,24097746.0
2130587677,14932501.0
213061410,463915.40625
2130827916,14145683.0
213110317,14598669.0
2131632162,12102506.0
2131736781,6612288.0
2131754884,31547726.0
2132603129,33590948.0
2133065499,19236362.0
2133358742,34495868.0
2134491125,33315970.0
2134500951,23955818.0
2134667434,14615377.0
2135670166,36989184.0
2136902826,30619370.0
2137958766,16578162.0
2138025511,79433584.0
2138172540,4825469.0
2138795995,78877768.0
2139164953,13026429.0
2139642730,5946115.0
2140183437,13978760.0
2141278333,8151372.0
2141431563,11258992.0
2141440420,20920750.0
2141849100,19588866.0
214212908,23859996.0
2142717124,38897336.0
2142887401,31631174.0
2143419724,6134065.0
2143853751,4683272.5
214459395,14969944.0
2144702563,15273490.0
2144912493,38408252.0
2144964899,19673732.0
2146756668,13917099.0
2147116061,45160596.0
215084015,7489119.0
215827094,19192240.0
216243427,33497994.0
216491360,13536814.0
216887177,25017532.0
217105233,22649696.0
217123235,21710144.0
21719361,43257292.0
217449897,39955272.0
217840681,37455976.0
217879036,27489692.0
220032891,26403908.0
2203910,17921376.0
220400107,34232628.0
220695695,20645152.0
220893709,13026373.0
220913104,3643511.25
221368463,36383176.0
221982579,20052860.0
222060785,37335068.0
222306454,24744832.0
222472066,14875666.0
223241301,27778874.0
223301576,40863748.0
224128981,8458708.0
22423732,19286292.0
224330402,43931084.0
224762240,76053792.0
22505344,45110796.0
225068536,13289118.0
226040799,35770692.0
226960329,40268728.0
22776154,37443916.0
227954890,24097370.0
228342942,20860030.0
228353829,23755174.0
228376287,32092574.0
228550928,17450822.0
228646509,17239092.0
229396475,22730362.0
230592569,17673866.0
230613655,4211495.0
23134859,15174198.0
2315391,31308572.0
232867375,17990374.0
233011478,25130474.0
233175247,13003022.0
23324947,28885130.0
233825937,9812482.0
234117472,39133736.0
23412637,25258102.0
234411602,6117732.0
234531101,35442248.0
234729512,21066500.0
234895771,30894426.0
234974159,31215338.0
235082246,30514826.0
235483384,40765656.0
235497814,13600622.0
235840868,14592727.0
235864010,8238921.0
23611228,37979640.0
236573262,17200054.0
236801440,10898990.0
236967152,14619361.0
237189175,32962206.0
237387316,1118758.625
237608231,24613920.0
238016672,23331014.0
23882918,18023744.0
240793375,27266432.0
2408863,18251754.0
240945407,9203926.0
241071727,25856470.0
241413496,18715106.0
242009939,4490533.5
242192487,20607260.0
242344304,5913001.5
243470829,23168078.0
244093072,22512612.0
244138471,8647677.0
24467319,11598968.0
244948062,14892173.0
244979444,21299964.0
246711603,13917566.0
247784329,21397628.0
249926312,18017180.0
249928975,32346544.0
250077972,14231730.0
250300069,8695269.0
251824409,30947730.0
252523521,14236063.0
252893312,11831010.0
254422575,15477920.0
254960267,37144900.0
255113432,23991196.0
255883146,30175772.0
255961088,12068550.0
256731405,17544600.0
256736654,34289180.0
256765043,41663836.0
25711491,16116035.0
258814398,23512938.0
258827863,23523844.0
259349361,9777713.0
259846515,13474007.0
260126980,13693593.0
260570557,20894868.0
261094513,22510702.0
26141819,35818688.0
261573176,4198947.0
262324454,15771837.0
262838505,573398.1875
262917132,14535269.0
263278760,20966420.0
263546562,17607108.0
263859790,14368883.0
265214438,19124702.0
265337500,34515784.0
265526489,11158776.0
265554939,13259417.0
265714807,31830090.0
266335595,40113820.0
266485403,33891960.0
267014689,14160967.0
267743426,24132832.0
268941965,49034748.0
269223097,17529006.0
269624866,17514946.0
269671782,14227015.0
270444899,16071947.0
270781452,25938570.0
272474477,23131610.0
272506822,30202158.0
273038844,44414816.0
273375516,1594548.125
273661214,4647835.5
273908871,44004320.0
274647606,32548850.0
274713689,2408883.25
274776941,20569350.0
274826391,17018812.0
275358298,30810354.0
275618587,6283749.0
275739947,14089830.0
275984292,14759144.0
27621672,4904323.5
276265641,19600854.0
276267245,12957021.0
276991251,19900484.0
277199451,26897554.0
277385227,41471268.0
27769346,23756400.0
277861704,32933930.0
278015306,39932232.0
278061079,21007606.0
279382534,10048274.0
279894017,2199070.25
280193775,12494991.0
280345016,14704835.0
280707053,15164408.0
281111535,44296124.0
281205785,20928986.0
281243948,24381828.0
281433579,13392583.0
282013529,31049270.0
282541492,21434996.0
283729107,12583267.0
28413620,6880824.0
286172371,18545290.0
286415922,4295365.0
286494201,22202050.0
286601632,25506532.0
287724078,43749464.0
288128790,8531034.0
288944939,48757544.0
289234386,38671320.0
289628352,17180608.0
289697709,18721976.0
290157200,11775936.0
290340906,22615118.0
291111312,26592346.0
291446069,42009696.0
291542588,973189.5625
291612227,21056624.0
291616846,14576645.0
292393964,24216000.0
292863031,5848765.0
293685975,22975892.0
293894974,21310090.0
294414595,8136413.0
294923558,28280660.0
295043967,20975166.0
295724156,5559984.0
296327355,32246404.0
297550742,28778678.0
29808369,16164178.0
298096929,16768027.0
298609604,22250726.0
298652658,48551576.0
299038176,32005602.0
299836298,20583014.0
3007537,10144550.0
301231063,23316338.0
301666308,19942246.0
301977349,13192707.0
303285970,30352122.0
303389997,60446016.0
303874646,14007695.0
304588196,17422820.0
30476840,12948305.0
304854690,16567232.0
305180096,15536130.0
305886798,38235260.0
306421064,17798346.0
307285815,7656440.0
307689319,22875454.0
30847257,38242692.0
308644710,14016267.0
308761228,22549858.0
309547615,13330152.0
309754372,5514859.5
309880772,13754246.0
31119116,41174528.0
311733042,16110701.0
312247963,25174550.0
312327371,19837402.0
312413663,18224438.0
312443112,10436025.0
313472646,18786314.0
313491162,22447002.0
313562829,23839094.0
314766557,33711504.0
315324581,30680640.0
315554490,17839346.0
315807955,40125336.0
316354245,8978497.0
316457207,12630007.0
316601415,25592220.0
316910469,41470752.0
317359464,16557749.0
317810213,38782208.0
317947613,9259298.0
318052881,31086064.0
318604031,20040802.0
319435526,10779193.0
319991976,35486140.0
320084593,34781700.0
320558659,32612718.0
320587419,36721752.0
320957201,14794807.0
321286423,782896.6875
321771865,27225888.0
321777364,19212406.0
321973122,14092847.0
322554143,6240573.5
322938780,14367545.0
323842041,12168102.0
323942179,12035047.0
323979270,25771010.0
323992484,23450890.0
324061111,4871660.0
324239335,8766664.0
324303112,34698544.0
32463751,2791516.75
325296543,14862896.0
326123474,77618000.0
327774489,33717208.0
328493920,28704324.0
328997536,10163183.0
329519424,19678116.0
329685099,28582500.0
329743676,96223184.0
329869159,45441844.0
330250452,34396760.0
330602652,31001434.0
331139547,23750326.0
331454611,5870592.5
331741347,42384328.0
332130372,8289940.0
332468195,10967803.0
332565096,26865634.0
332705576,1073511.25
333634061,37065320.0
334202810,23345622.0
33458659,40573676.0
334815066,103677648.0
334863258,13775753.0
335200296,18569764.0
33548961,26837740.0
335539058,40996444.0
335600897,17826266.0
335774185,32226564.0
335972145,19200098.0
336555884,36749828.0
337181261,13445570.0
338730782,17394678.0
339776778,24021606.0
340085020,20351958.0
341489118,6843056.5
34157657,39629240.0
342144807,36778648.0
342856424,26790528.0
343486461,13343894.0
343506498,24580558.0
343649592,45864552.0
34440633,21668466.0
344926561,25063962.0
345748250,25551232.0
346081225,14202248.0
346208532,103970728.0
346454379,22530154.0
346693929,20353872.0
346695992,15956399.0
34684710,102331088.0
347404314,21141714.0
348525962,12708149.0
348585510,39963828.0
348929335,31831690.0
349115573,31096410.0
349166619,13102894.0
349261050,30444644.0
349276058,12423280.0
349967708,6849632.0
350231097,15014418.0
350576138,41106492.0
350715824,23238828.0
351214678,38550424.0
351226681,26253486.0
351808652,17431368.0
352103509,22928100.0
352245016,7974704.0
352546624,15713082.0
352797040,15045375.0
353149884,32365038.0
353434024,19719300.0
355918102,14518966.0
356409813,41913672.0
3567577,9761277.0
357270099,44767192.0
357935445,6946945.5
360191041,19462224.0
36201396,24716606.0
362281485,21261798.0
362663556,11411302.0
362723541,7887151.0
362944421,32090260.0
363148816,5935116.5
363690026,64204744.0
364057924,26202254.0
364427565,19846814.0
365663806,19401966.0
36579398,117115592.0
36586777,41533172.0
36637286,23586836.0
366672357,6452870.5
366913729,14441099.0
366999300,21921660.0
368165349,11554179.0
368205453,17123176.0
36964980,14435289.0
370342148,37722444.0
37068828,19607484.0
372572496,35776388.0
372572885,14287199.0
373389648,24620042.0
373751754,9377145.0
374003386,15147434.0
374476046,18236378.0
374519418,34936852.0
374744054,39896412.0
375269467,17771486.0
375817573,6463040.5
375866434,34891068.0
376012650,10867568.0
376077674,107245808.0
37623171,1243102.625
376259147,34503320.0
37655026,34685828.0
37754737,37125688.0
378272734,14679490.0
378388622,27041408.0
379319711,90194768.0
3798759,24270242.0
380135591,27228606.0
380254855,16262089.0
38030725,20531236.0
38115369,24758156.0
381446562,14469781.0
382475291,6480587.0
38357533,8419074.0
383644444,16876718.0
384021637,12889614.0
384028575,14343738.0
384986113,15106602.0
385456736,13221830.0
385652039,16453609.0
385689772,11296248.0
386521399,26168228.0
386524342,6916198.5
387147144,11055074.0
387543160,95335624.0
388327672,15939680.0
388967266,21099138.0
389045124,38758536.0
389063431,24013846.0
389342276,14730952.0
389376749,4551799.5
389641034,39798264.0
389854000,10770810.0
390086278,36087848.0
390431758,21658660.0
390599621,35943352.0
39060284,17499126.0
391398635,7450857.5
391645929,19920878.0
391993993,25656126.0
392695049,35662276.0
394405600,35184680.0
395493750,26536218.0
395941531,16617473.0
396656373,32394778.0
396930221,15276110.0
397475274,26435680.0
397482434,16005085.0
397579350,14748731.0
398498296,17256270.0
39936901,22291474.0
399915385,9617453.0
400068658,9258899.0
400447023,15075051.0
401389867,15730413.0
401597084,40982244.0
402443173,66664840.0
402841891,23832756.0
40296311,6576892.5
403499732,10514509.0
403693338,27266672.0
403813848,8623181.0
404086291,12230314.0
40458284,5540323.5
405968441,30720778.0
405986904,25444908.0
40611218,7120104.0
406419185,34381212.0
407704492,5493845.5
408159122,4885851.0
40875137,32116310.0
408908892,48547084.0
409181649,13363590.0
410286444,39890936.0
410697391,34178324.0
412307598,3870526.75
412582902,35342604.0
412850648,24394220.0
412882013,31346286.0
412897835,819662.6875
413098322,17905638.0
413909098,35699840.0
414725703,86248720.0
41520564,26738306.0
4156040,14468769.0
415819335,12648074.0
416387933,31003372.0
416703868,4646726.0
417046737,30655418.0
417438578,37845636.0
41792954,26935478.0
41862029,14612144.0
419064237,19459452.0
41936682,32175606.0
419757001,79216600.0
419997302,14642813.0
420197540,11232435.0
420608058,31471924.0
420662948,13912785.0
420737348,26257772.0
420797031,32435882.0
421414252,33046506.0
42204591,37081428.0
422469488,32225200.0
422598854,34588200.0
422823608,28825662.0
423111522,1002216.4375
423834908,35595752.0
423958480,15963392.0
424084225,41551240.0
424907762,17658638.0
425874089,4436652.0
426342427,30393668.0
426515905,40446720.0
426734809,15773285.0
426755371,26404150.0
426759182,13901241.0
427233302,3076974.25
427417046,13769534.0
428377508,35879896.0
428449296,34194572.0
428961544,40219128.0
429014193,23034692.0
429876190,1160918.125
429922385,17685510.0
430788826,28285486.0
431032607,25506320.0
431246270,14327725.0
432161494,25166234.0
432451034,41640960.0
432604327,23736258.0
432642481,16958724.0
432656055,24816544.0
43266024,7558540.0
432852017,26753554.0
433294823,33715884.0
433726992,34801732.0
434814620,24944548.0
435280771,14039757.0
43542232,47114428.0
435601171,19892514.0
435625792,34940228.0
436194213,14553089.0
437787621,29187164.0
437879623,43459528.0
438037271,43364572.0
438510669,25296252.0
438855463,37909616.0
43945260,24700606.0
43954650,23877698.0
439649548,29464866.0
439840467,12388827.0
440200801,24644192.0
440277079,5804009.5
440622206,25754464.0
440954937,50544192.0
441554153,9926315.0
441985247,18785318.0
442262804,7148184.5
442566919,12209303.0
442785874,14285386.0
442897603,13424103.0
443271898,16650126.0
443729995,9312351.0
443801956,33305026.0
44433671,22853366.0
445030922,14754793.0
445201757,18248990.0
445697187,28957436.0
446325916,26535684.0
446460497,40673288.0
446829845,89452592.0
448582481,41002516.0
448717759,1093572.375
449337949,10479611.0
451389400,31203826.0
452872753,11593161.0
452952518,16240408.0
453062780,13743389.0
453279973,19802478.0
454111718,15145627.0
455169519,31471334.0
45549549,15430494.0
455763395,12635523.0
456111247,11362369.0
456530071,33503524.0
456760512,9335211.0
456824286,11281915.0
457158232,39104732.0
457367055,37120548.0
458107283,22573746.0
458245368,35078912.0
458424899,28410306.0
459168625,23919488.0
459297264,33378922.0
459658475,25356466.0
459754479,32374226.0
460246568,36048764.0
460662227,35399332.0
461189195,15104467.0
461654171,21073034.0
46207624,9175362.0
462147439,9312470.0
462215391,20456764.0
462370928,9838211.0
463095681,20681118.0
463951514,20179532.0
464120498,49064580.0
464221746,3184756.5
464739221,7213811.5
465855968,18559926.0
466609082,7150615.5
467241432,40485436.0
467395592,33723288.0
4678581,112415944.0
4681142,9617706.0
468969902,2161631.5
470147329,35120036.0
471089356,3525258.0
471141794,30890070.0
4715803,7354146.5
471640086,10350457.0
471819218,83975352.0
472000372,17972436.0
472001347,17547310.0
473253715,40160572.0
47395179,21422810.0
474717176,20381692.0
475951494,30178038.0
476130416,35060364.0
476418030,10357661.0
477514992,8996183.0
478406019,20846142.0
478693808,18431026.0
478819393,19478698.0
478877885,17075140.0
479589429,24985644.0
479924720,40934236.0
47997762,10106727.0
481161756,46920292.0
48241893,19680820.0
482610902,46988152.0
482835279,27215072.0
483544606,2053091.0
483673275,43220376.0
484087591,10653045.0
484209395,24687366.0
484959821,7257336.5
486320003,9907599.0
486521571,33549628.0
486582715,22082828.0
486870854,23896572.0
487089895,8745377.0
487738102,15793030.0
487872948,24635826.0
488216985,29772566.0
488543588,36176292.0
488745954,44885644.0
488957317,15296631.0
489905928,34375272.0
490232104,21812224.0
49077527,40173188.0
491051634,14464192.0
491383272,10289089.0
492124435,35764996.0
492503761,10796768.0
493266452,21771018.0
493626101,22750644.0
493998349,114454952.0
494013095,12138450.0
494508342,13762599.0
496852320,28502018.0
497129673,6898148.5
497424077,12059227.0
497484784,67652936.0
497525599,31393828.0
49764607,1079203.875
497759905,2935811.5
498224359,71417088.0
498658860,18804894.0
498752802,24749456.0
498982970,11426200.0
49898387,47425132.0
499839899,7775009.5
500109209,33299972.0
500619261,11118449.0
501063862,1118713.875
501669783,37068972.0
501996632,27678006.0
502042494,37255876.0
502089322,18431028.0
503302360,7779079.5
503477526,34317844.0
503678585,13648219.0
50414982,15886239.0
504867793,13287162.0
505481041,12391856.0
505679993,32537360.0
505902531,23955180.0
50626604,11953711.0
50639097,10034986.0
506599132,13905903.0
506602503,29438998.0
506634508,21544268.0
50675721,2012493.75
508514016,33268948.0
509054084,9469099.0
510005530,40385476.0
510037710,34642980.0
51014357,46823336.0
510516685,21207268.0
510713059,12806997.0
510866380,18550684.0
511478043,37611576.0
511821311,28405428.0
512063460,8845931.0
512130119,13930928.0
51236360,15796987.0
512972530,6464357.5
513430740,33568532.0
513780549,29918286.0
513902355,9709359.0
514456478,23067218.0
514526218,37592660.0
514626847,12390117.0
515406513,36299324.0
515532915,40780128.0
51662332,5639912.0
516673184,23678738.0
516756127,17193606.0
516982827,26941008.0
517152876,5116153.5
517401228,6783617.0
517730920,36798308.0
517805032,1324027.125
51802709,26969770.0
518415586,11226495.0
518535970,14688159.0
518723472,42315768.0
519167897,18694708.0
520592304,44656740.0
520976342,22415858.0
522226172,10061341.0
522488664,45075176.0
522902852,13276098.0
522977276,15206640.0
523381875,17552276.0
523408374,41294980.0
523525047,15606168.0
523659898,27584294.0
523714450,13531032.0
524129027,9163509.0
524200811,13293950.0
524275101,15285025.0
525293176,34853580.0
52592172,11268701.0
528330142,14667374.0
529973044,16276206.0
530078100,12881898.0
530272697,8356420.0
530592602,22182358.0
530798243,8804778.0
531332228,16359859.0
531629727,1678554.0
53165419,22082378.0
533458227,5574635.5
534163204,40096120.0
534535511,7551712.0
53465103,14290245.0
536218024,14324993.0
536690992,23681398.0
536929568,11568985.0
538265610,26455936.0
53852878,5313651.5
539787189,45428964.0
539838991,45926100.0
540365975,47679100.0
540496741,17719794.0
541784221,37490476.0
542877441,28004094.0
543457548,24346766.0
543483467,14761721.0
543698613,7791312.0
543768731,862454.375
544179635,6995348.5
544333987,3922623.25
544483277,38231160.0
544605831,14053510.0
544632513,37187668.0
545287552,12950426.0
545684505,13340546.0
545971139,69901336.0
546046005,30299198.0
546068218,19422912.0
546706268,31396282.0
546880788,3660214.5
547276064,26614384.0
547282680,29293482.0
547501126,19300828.0
547906935,10958514.0
548045535,20939782.0
54815674,43408644.0
548744869,17917068.0
548793982,5964821.5
548838453,40647784.0
549315774,916697.5
549403103,35421892.0
549652957,17375728.0
55019205,40624476.0
55019273,5216452.0
550495054,29335044.0
550744346,23738382.0
551360293,14960235.0
551466129,12693255.0
551902988,8267321.0
552347392,30984112.0
552560301,7798549.5
553100734,29649238.0
553354303,11261192.0
553471497,33431882.0
553671574,41435300.0
553824008,10696366.0
554163653,20681010.0
554459553,29683146.0
554653211,25125008.0
554661866,19688574.0
554860159,2077990.25
554931341,36526780.0
555157400,6197210.5
55588063,14336578.0
556229794,6837393.0
556473951,26696438.0
556524338,1393595.625
556883737,44719400.0
556987550,5664209.0
557603051,43964804.0
557650305,29016464.0
557911268,3369074.0
558686376,14180102.0
559665878,13044375.0
56084141,30363674.0
562203442,12504167.0
562418707,8764696.0
562947494,14968304.0
563673583,8809648.0
564092589,27432606.0
564107532,23944706.0
564131578,17593666.0
56427214,27100764.0
565051023,33124708.0
566389444,1767888.125
566417741,29951758.0
566436879,11312048.0
566778083,35468028.0
567053540,20416082.0
567142088,940657.1875
56764818,16410569.0
56766771,35063988.0
56775472,21700272.0
567868974,20438014.0
569685213,13507081.0
569815778,3265068.0
570820154,26148436.0
571834256,10678070.0
572311920,20385070.0
572355332,21198662.0
573510041,29699266.0
573555059,19174934.0
573845877,13848863.0
573908180,40644452.0
574004096,47436360.0
574168104,18731918.0
574210504,38098108.0
574427229,35450428.0
574825022,33092608.0
574932654,21524704.0
575115873,19151244.0
575653367,38208500.0
576176107,15321032.0
577108378,28804954.0
577458725,25625536.0
577671293,27221536.0
577760804,13359075.0
57837937,12882901.0
578822373,31494826.0
578887397,29666448.0
578908805,97747560.0
578942981,20110604.0
580521026,10180329.0
582237775,42997636.0
582984940,23016154.0
58325440,43462592.0
58360843,9609224.0
583804134,8841857.0
584172188,13873318.0
5845522,40192044.0
584681455,34918192.0
584730069,47644776.0
584811769,10124413.0
585000782,10081959.0
58542575,32531492.0
585631329,15002119.0
585632599,29414098.0
585794453,8570172.0
586623109,31178350.0
587942731,39403384.0
589267026,12477264.0
589599653,26886786.0
590127879,12569402.0
59115085,26347788.0
591351810,9201448.0
591724983,110290760.0
591748234,19162918.0
593905769,21996672.0
595300301,22303894.0
595515594,47827576.0
595878150,30310382.0
595948357,10114689.0
596148775,36723412.0
596188072,36537584.0
596712964,19620534.0
596902566,25418774.0
597680020,33950312.0
59899304,22660430.0
599282805,17925988.0
599800605,11886201.0
599844877,12567741.0
600302051,37292496.0
601681799,67622936.0
601783392,94822904.0
602420459,25766610.0
602717089,35672868.0
602991398,17600938.0
603615608,24448940.0
604033615,11711943.0
605820681,15855735.0
606531577,13732045.0
606897760,14962545.0
60696335,11398945.0
607384816,34712492.0
607858573,30754078.0
608124556,1757451.0
608724954,14951313.0
608751541,34059204.0
608829475,2326837.75
609026192,25148866.0
609044356,15641946.0
609214480,18982462.0
609563906,18237236.0
610641619,707009.6875
610989758,28753244.0
611239718,9022713.0
612314224,31914814.0
612593600,19789646.0
613241822,21631632.0
613508749,34051540.0
613752110,17041486.0
614316191,24486574.0
614616814,72373928.0
615206046,28900236.0
615301903,33920920.0
615355771,1439436.375
615547995,22135978.0
615633777,24654954.0
616723468,32579158.0
617652607,2931698.5
617923095,82148472.0
618661926,4568593.0
619122060,17779588.0
619556777,11466491.0
619870461,26819538.0
62025312,10175418.0
620552705,19965328.0
620920171,23058654.0
621121127,38636852.0
62150658,41013964.0
622215273,2302567.0
62249330,14496008.0
622534980,24569714.0
622762972,25335216.0
622931594,28013392.0
623111625,14908957.0
623652126,9671944.0
624087859,30319058.0
624353796,12954251.0
62449470,2275415.75
625189874,17069462.0
625969174,25898098.0
626368590,19857036.0
6264706,25587502.0
62649624,13729373.0
626625043,18201026.0
62680332,35632348.0
627181848,32668858.0
627257095,43816316.0
627565310,19607906.0
627700336,14489785.0
628454490,26946356.0
628595308,8070347.5
629087579,85115416.0
629392637,17911702.0
629603561,41589576.0
629712358,13296846.0
630155463,22103568.0
630365265,45695812.0
630603397,20854194.0
630735577,31432910.0
630770738,30001658.0
630924783,17554088.0
631558003,11691159.0
631674627,7976524.0
632722753,21012012.0
633082676,1273969.625
633481803,5665753.5
633631994,16840758.0
633784100,26153098.0
634523826,24326302.0
635521882,40656212.0
635528537,33481290.0
63625893,12842824.0
636475356,12193136.0
636553487,16124066.0
636930408,18394928.0
63713889,13713131.0
637521781,6007915.5
637628564,68573456.0
638038695,13666389.0
638074752,23618814.0
638139304,25146556.0
639591303,1884447.375
640694638,16921150.0
64078325,26358822.0
641814576,22682746.0
642130489,28812452.0
64239667,35342380.0
642484761,31362174.0
643786076,2132128.5
645040161,13605456.0
645087638,8328144.5
645328235,100244232.0
645444373,35881268.0
645671888,21345012.0
645838636,12534371.0
645908571,89240176.0
646558712,26466706.0
64688467,39730268.0
647024555,29044430.0
647125580,23835722.0
64718208,10558291.0
647817778,11501659.0
647855417,41136352.0
648116109,8484620.0
648918009,21820668.0
649050287,25675094.0
649359794,25422138.0
649890237,22213808.0
650343092,7347133.0
650538604,10313374.0
650575577,40423304.0
652057453,20248454.0
652565763,15283735.0
652628649,26158778.0
652851832,7653415.0
653042301,39533176.0
654182047,28684316.0
654343877,6988455.0
654641645,29591534.0
654661122,44556828.0
654754244,8315344.5
654861205,14161897.0
655588446,9642375.0
656090846,8437696.0
656151121,8855333.0
656802324,4126992.0
657647407,27584900.0
657962665,9083182.0
658287641,17724820.0
658418373,35543440.0
658732421,573943.375
659908215,6919207.5
659974298,95142160.0
660469822,26098628.0
661609404,9279464.0
662470811,22610772.0
662564439,15781175.0
663008510,13372345.0
663119991,33530498.0
663386022,7667333.5
663896230,39631316.0
663953997,13168695.0
664150852,13604047.0
665110856,12055513.0
665191803,10250242.0
66540021,1336463.0
666003173,31054452.0
666071145,10692246.0
666560196,39924100.0
667329580,5406533.0
667807861,22959482.0
667896452,19845888.0
668002212,17016728.0
668282209,24842944.0
668710324,34259384.0
669244038,26717730.0
669255765,39501412.0
670451944,24956180.0
670924965,14986417.0
670969173,24646054.0
671457789,11881203.0
67196281,32636142.0
672023531,16738322.0
672124057,15049384.0
673681161,14149287.0
673841258,11995123.0
674223398,36593860.0
675716636,10358024.0
676142711,24187072.0
676332356,8144396.0
676850952,23918768.0
677651207,21599318.0
677885113,1287667.0
679397320,29175726.0
679554844,16551239.0
680542659,27947270.0
681152428,18908146.0
681200816,27633924.0
681324940,19520926.0
681511767,39852568.0
682683076,14155928.0
683424785,18194484.0
683551593,6194491.5
683768234,28591838.0
683879344,6548421.5
683989852,86194432.0
684010120,41088040.0
684020600,15853897.0
684469652,32865860.0
684712590,1444199.75
684803248,12814565.0
68507484,14591983.0
685113838,36468028.0
685291199,25538010.0
685305515,38150424.0
685365013,35320392.0
685792884,38237672.0
686556182,4950491.5
686802498,13346587.0
686840603,34756000.0
687472966,11709202.0
687964863,10246430.0
688177785,8532065.0
688371201,39663776.0
689039573,44048376.0
689570995,39055708.0
690163261,22081884.0
690465699,33378406.0
690611196,22747638.0
690788144,26025076.0
691454351,21224982.0
691956587,43647128.0
692031456,20347344.0
692055083,19954544.0
692437917,23938284.0
692475879,2870636.0
692818572,40787136.0
69340475,15527682.0
695985603,35514048.0
696048028,27034406.0
696878760,15227698.0
697051886,4773328.5
69758142,13923662.0
698018079,8295252.5
698221446,42008248.0
698539075,34543116.0
698710925,8834641.0
69930205,35956560.0
69983594,26179086.0
700130351,4629874.0
700498343,19618982.0
700953960,15625623.0
701732286,5631080.5
701867640,21613754.0
701977902,88104656.0
702792843,18339796.0
704203472,20995660.0
70454644,11819200.0
704612545,34178052.0
704851249,45426812.0
704948028,13806310.0
705850276,6230345.0
70586576,28461414.0
706971403,14828701.0
707012477,4252561.0
707321092,37866836.0
707967979,6312721.5
708384139,22325322.0
708425371,27726628.0
709856184,23419008.0
709926665,3786328.75
710964913,2953385.5
711484554,35157500.0
711758346,2539575.75
71197390,8110750.5
712621244,10548777.0
712931491,21326966.0
713037828,15209350.0
714014061,17185068.0
714218237,31021966.0
714228398,3086218.25
714397715,15070117.0
714616022,24035686.0
714760495,11215111.0
715086740,2545642.75
715420249,4904685.0
715591111,13786749.0
715655400,14660282.0
716158796,37565044.0
716259753,19850270.0
717552117,29014238.0
718387907,44585096.0
719635672,23936836.0
719728645,6474395.5
720150100,37489080.0
720184293,20284870.0
720873116,17842886.0
721288359,27161568.0
721851220,22928260.0
722341479,31487028.0
722489973,35624268.0
722660830,25700790.0
723248368,13869913.0
723987532,49037964.0
724012214,13858809.0
724035983,34402652.0
724278076,17384032.0
724696480,4559492.5
724750596,31382694.0
72475532,8138341.5
724991886,14250945.0
72552013,26839788.0
726822977,24485538.0
726824600,22878092.0
726943670,37443700.0
727060279,10299525.0
727331270,14411566.0
72772798,28871044.0
728175955,17066114.0
728264963,10072375.0
728516110,18332486.0
728533186,22788836.0
728624770,10779403.0
730145244,31099154.0
730534922,33990184.0
730785442,38422508.0
730798238,43230652.0
731792366,23977902.0
732183753,15866816.0
732279526,20883074.0
732966999,10271539.0
733406971,21390422.0
733432976,14967576.0
733592106,5878898.5
733612060,18775356.0
733747579,36682540.0
733964800,41777560.0
734576042,41400680.0
735446843,30958124.0
735643668,4736903.5
736340254,25654852.0
737499853,51128988.0
737634444,8186700.5
737865157,14307058.0
737911371,5288523.5
738420035,16209203.0
738541210,12359237.0
738828742,93105680.0
738831382,9649474.0
738981862,12849408.0
739032019,23196106.0
739056634,18234156.0
739152196,32404006.0
739166321,6081227.5
739177337,116775448.0
739433136,7661417.0
739921517,36797336.0
740159625,13557704.0
740333059,30179108.0
740873186,13552131.0
74205498,18359754.0
742112668,21576870.0
743212389,14440449.0
743750398,45771040.0
743780663,36817064.0
743967179,39695060.0
744248278,2859471.5
744429124,1435351.375
74446418,21216362.0
744672527,23205834.0
745584428,37560244.0
745833075,14329258.0
746463163,18697762.0
746610732,15375402.0
746709172,24241068.0
746808252,12388874.0
747006133,25597660.0
747151025,13594815.0
748317851,17954004.0
749864100,23925090.0
750436950,14179529.0
75096270,30563124.0
751220642,67035368.0
751564815,36523052.0
751660661,3559910.0
753167235,19373046.0
753479292,37045796.0
75464333,29830830.0
754671748,6004473.0
755399254,25382044.0
757210736,32233582.0
757229442,4574866.0
757249530,4906175.0
758998850,16794332.0
759238783,40358564.0
75963900,16916488.0
760818742,44490476.0
761245986,25475726.0
762057975,21201324.0
762138217,13974824.0
762441093,14942050.0
762469354,45501536.0
76248049,10517483.0
762501976,33545958.0
762802287,8662142.0
763399656,46487872.0
763412178,3178903.5
764592471,40287480.0
765116390,36691992.0
765173266,4813891.0
765224352,26182646.0
765388699,8733769.0
765687413,12223141.0
766124910,33390218.0
766202079,15388922.0
766337533,24326642.0
766739031,20372580.0
767529410,9937545.0
767647284,39981224.0
768744818,31123646.0
769004776,26036846.0
769353991,13347149.0
769421932,18953356.0
769716639,25227706.0
76993562,4512905.5
769998386,19472314.0
770206605,46480280.0
770234713,12983555.0
770323981,21823856.0
770677681,25853942.0
770729323,9161463.0
771072361,5093013.5
771136745,11337456.0
771430463,17583226.0
772100527,15003427.0
772270326,8762862.0
772722335,30506370.0
773069438,21507334.0
773264874,17877290.0
773697018,20103968.0
775397964,12546986.0
77595713,15071254.0
776266493,41209436.0
776350546,27255542.0
777658980,25303850.0
77798017,19459486.0
77854924,14646368.0
779616322,5470628.0
779657796,15044501.0
780886026,48054328.0
782147700,21819454.0
782265140,35876944.0
782387760,19989438.0
782520545,5046487.0
782828747,5190020.5
782907536,38610452.0
783881111,41980516.0
784075537,42476092.0
784274474,17249066.0
784363033,5901213.0
784562384,10825917.0
785130595,9491881.0
785495361,24604098.0
786352679,34735588.0
786584481,18599024.0
786626858,40796032.0
78691384,26854228.0
786985123,23097794.0
786987780,35855688.0
7873707,21687660.0
787991914,14018991.0
788425745,31971414.0
788570512,30535846.0
788841127,27652052.0
788996498,24219710.0
789035510,27560366.0
789231829,33619168.0
789418909,15070022.0
789491002,20563876.0
789558666,12750000.0
789985701,19838794.0
790080592,26098332.0
790154837,16096910.0
790990371,36462472.0
791154774,34864488.0
791294581,36148856.0
791309697,19063888.0
792226008,20672092.0
79229424,29382564.0
792358249,22762128.0
792431423,43732088.0
792482742,38868472.0
793266230,44359624.0
793689486,25481632.0
794549235,20201146.0
795021119,17420418.0
795060635,43216124.0
795173140,36688144.0
795714457,23692036.0
795720720,17910850.0
795919811,24355774.0
796327850,-393200.8125
796691823,31430930.0
7974921,23163536.0
797565206,23797620.0
797705280,60770820.0
79788076,23745910.0
798471705,26022670.0
798788267,33826912.0
799724217,35624812.0
800033622,17744638.0
800146175,944481.5
800663307,21069980.0
80128958,25105890.0
80182473,26165444.0
802013794,31078764.0
802516447,9676482.0
803075067,40565420.0
803248171,27361806.0
803313602,22231952.0
803452652,23334076.0
803565075,38134840.0
803684433,42511244.0
803694340,17902174.0
804423051,6942747.5
804510450,47403304.0
804726806,42242924.0
804757084,22490208.0
804816280,14581451.0
80520828,7752877.5
805800861,20872060.0
806115854,16279715.0
806195511,31523354.0
806952878,31140994.0
80878937,23275354.0
809229362,13224119.0
809794116,39082920.0
810606105,7644788.5
81077420,22798514.0
811936110,3993156.5
812431634,11966257.0
812504494,17965656.0
813456354,15423441.0
813770110,72110320.0
814532752,14603534.0
816469330,18046426.0
817368728,25579588.0
817419663,22435538.0
818745135,26593988.0
81919033,34451724.0
82002379,30793744.0
820556746,1929502.25
82083822,39850912.0
821432920,87410040.0
823304341,28797010.0
82393996,35794392.0
824171365,10395637.0
825473294,54782804.0
825599858,26559798.0
82598279,28215172.0
826404997,29599696.0
826873394,66426140.0
826960749,41722804.0
827256751,10815427.0
82780278,110519720.0
828055854,40110988.0
828410838,40051164.0
829021178,24631522.0
829203170,14246624.0
829242110,32537602.0
829372910,38150636.0
830225602,37578040.0
830585035,114201656.0
830766852,12756834.0
831197278,13756791.0
831582761,6362153.5
831662462,20635442.0
831790523,9600095.0
832114783,16327866.0
832200317,15083921.0
832898657,10871870.0
832906312,30431868.0
832911243,39087672.0
833277203,20993642.0
833533222,28802810.0
833566638,47038684.0
833791466,14631242.0
834080153,21670796.0
835761629,16793264.0
836037627,19406094.0
836120132,16418035.0
83637460,26910380.0
836695247,15205095.0
837714708,23784112.0
837799456,30575236.0
838534055,8461721.0
838665652,6351115.5
839159048,80646288.0
839379496,3539358.0
839626541,20826702.0
840111436,26515836.0
840597788,18666768.0
840893892,19419494.0
841139927,12313870.0
841404878,25789718.0
841601279,36266260.0
841881642,16501229.0
841977836,23996618.0
842068125,22653440.0
842952211,43743212.0
843087972,12397456.0
843609477,20036334.0
843661980,1538330.125
845745237,16095984.0
845771247,14360122.0
846589870,26557434.0
846744181,37338036.0
847443692,42146072.0
848095710,21561650.0
848387591,28283006.0
849013877,48889620.0
84914004,35538836.0
849612848,14576239.0
850248956,15648368.0
850332425,17696748.0
850397684,22978814.0
850487530,2806521.5
851112541,13315977.0
851449262,60464940.0
852811658,29656194.0
852999346,7476756.0
853074699,35309348.0
853135326,23659374.0
853592921,21787968.0
853693902,15485768.0
854148244,18361774.0
854805424,15221629.0
855376433,38158860.0
85572606,12749546.0
855797438,92728360.0
856432538,8888513.0
856548783,14242179.0
858346123,27546938.0
858369576,15044511.0
85896253,4249735.0
858996605,20700454.0
859056629,7561508.0
860153809,4612256.0
860288,5255764.5
860384929,16620287.0
861038294,46722868.0
861733112,13232149.0
861774531,24895618.0
86227930,5267609.5
862650959,670043.875
862803892,23057616.0
862820025,47834420.0
863759909,70068400.0
864108688,17776068.0
86469776,34387540.0
865103237,17742324.0
865105594,33318100.0
865454576,9979851.0
866152378,11679510.0
86715791,17005354.0
867348527,20815044.0
867963258,18899570.0
868098168,27034140.0
86876337,33991140.0
868971202,26535156.0
869012352,16380314.0
869834621,10213450.0
871041901,6360481.5
87150975,13416971.0
871669460,41562996.0
871806722,873504.375
872010061,24598212.0
872439550,15846785.0
872670757,31291012.0
873475199,18156370.0
873833771,72337080.0
874026157,1843593.875
874290922,26539936.0
874843071,16012608.0
875009741,26401648.0
875149448,540756.1875
87667667,33533642.0
876859747,22473858.0
877657218,20268370.0
878567731,13066365.0
879018791,20159524.0
879206669,39406040.0
879769410,9927338.0
879890546,4019221.25
880035963,14457694.0
88044166,15591538.0
880732047,28695894.0
881688715,35576372.0
882513839,31296800.0
883117492,38258316.0
883647784,14999301.0
884063619,38911616.0
885485944,26745916.0
886269961,18728626.0
886429485,2637880.5
887141332,27915044.0
887196696,40329480.0
887534478,16917888.0
887950088,49645248.0
888038952,13427898.0
888160053,26597834.0
888261646,21788762.0
888587347,23499724.0
888807075,19369488.0
889325006,14429287.0
8898882,38368040.0
89137752,23605158.0
892360563,27742530.0
892510845,10111007.0
892611192,59659968.0
893068464,28099806.0
893832586,13860437.0
89401161,35024100.0
894222453,23964128.0
894451685,24988798.0
894546161,33316976.0
894657888,7296716.5
894894205,33144396.0
895097268,30376004.0
895223493,19559198.0
895330083,20858384.0
895873357,15465795.0
896964180,16208462.0
897209255,29480784.0
897392908,23421902.0
898658420,26803840.0
898737455,12997179.0
898958179,14633901.0
899236930,7708329.0
900589615,76503040.0
901530176,20364658.0
902806546,30499460.0
903980536,39276696.0
903995114,4891352.5
904100228,15268681.0
904171255,13634142.0
904186687,33055402.0
904364008,46480532.0
90519942,28953038.0
905552224,23708330.0
905796118,46411480.0
907406308,13127025.0
907551613,34941804.0
907590804,17809610.0
907622973,5167477.5
907638397,21362046.0
908386394,13681731.0
908891261,36693520.0
909234048,389312.65625
909329074,19631590.0
909523960,26099690.0
909558361,13956918.0
909893398,39977852.0
910761862,24871498.0
910991764,6667807.0
911096051,4273690.5
911674118,6689927.0
912022606,15330317.0
912650492,27935842.0
913422950,10667766.0
914253765,24514112.0
914332630,15999795.0
915222064,8072513.5
916318522,31574224.0
916486479,52266540.0
9165248,35624956.0
916642023,20226708.0
916716032,36080500.0
917809446,6935336.0
91840882,16590735.0
918796208,18010866.0
919097664,10584080.0
919268766,28105284.0
919286913,2189609.0
919396024,38341000.0
920228282,16129239.0
920981063,33057900.0
92101527,12752267.0
921049132,44500500.0
921110033,18527476.0
921604428,27381918.0
92161345,13128531.0
921680490,39093856.0
922141654,15257072.0
922470018,25592032.0
922559540,20248054.0
923552496,37202052.0
924864353,5861415.0
924930242,37663544.0
925284393,20323134.0
925330007,26720668.0
9257549,15584543.0
92595112,25119770.0
926132572,29001152.0
927335779,10851887.0
928108227,14586815.0
928575366,13598559.0
929039412,37458404.0
929146984,37595488.0
929460995,49405428.0
929686027,9554414.0
92969561,5048731.0
930407677,298873.34375
931169027,22713574.0
93130501,7190374.5
931996112,7272220.5
932111221,18340330.0
932220519,14342350.0
932704587,8180460.5
933014297,23476858.0
933447260,16267306.0
933459350,21339892.0
934253327,10090578.0
934683322,24550182.0
935317037,10155870.0
935633255,46141160.0
935947562,30371490.0
935979331,27070706.0
936112261,36729460.0
936156342,6853436.5
93645337,10236176.0
936606331,25799022.0
937159886,26582976.0
937339161,4461597.0
938314546,36884292.0
938703974,19091786.0
938790217,13524445.0
938925165,87755248.0
939059785,26334144.0
939271591,19881628.0
939371377,31661104.0
939884834,11027048.0
941679734,30399174.0
941881769,38678036.0
941956643,10444018.0
942573033,31281900.0
943146683,17659836.0
94316167,37839580.0
943211267,24219022.0
944197169,20824688.0
945792830,36405764.0
94610879,31416484.0
946277816,21083278.0
946870404,79233744.0
947537520,24096884.0
948018719,24480394.0
948098907,18963686.0
949824611,9203657.0
949966037,8580239.0
950058375,45050620.0
950555280,11534066.0
950943018,19005886.0
951055471,39181116.0
951925053,24751082.0
951925169,23096090.0
952853969,11691575.0
952890580,23323242.0
953184598,12692461.0
954107373,13740614.0
954192065,46582900.0
954642155,27427530.0
954693127,6461857.0
954980699,17973436.0
955142815,24036832.0
955629874,12264827.0
955783283,2636294.75
956090756,49686660.0
956150342,18466308.0
956399703,16113728.0
956485344,25085038.0
956740065,22311684.0
957159587,15159734.0
957392789,21921438.0
957895748,13612280.0
958645405,3363218.25
958742619,8573061.0
958884312,2864883.5
959362719,17086670.0
959540478,92846280.0
959565650,2815798.75
961444972,44173844.0
961467028,10964493.0
962930883,12391816.0
96326337,6241451.5
963700576,15596251.0
963879097,42559360.0
964743728,13476523.0
965465651,36937832.0
965477863,19276062.0
96603778,18320758.0
966319983,1648347.875
967143426,34971144.0
967209543,6951212.5
967707155,11398067.0
968166472,26290676.0
968459472,13467937.0
96932117,29867268.0
970349147,11339624.0
970365099,16815082.0
971384298,15246990.0
971806068,27259510.0
972026793,22100514.0
972612114,39831836.0
972707061,35780828.0
972862949,40674140.0
972880937,10404374.0
974071693,33377786.0
974803775,12027361.0
975227813,6088041.0
97549718,39214524.0
975765676,39418308.0
976096225,9100013.0
977019835,1390402.75
977069879,23816668.0
978068035,43604524.0
97827749,22911546.0
979002486,34136828.0
979909839,28913232.0
980327411,28238506.0
980434852,26401478.0
980673729,16368445.0
980720229,33532732.0
981231524,26519692.0
982502730,32348048.0
983288274,7494843.5
983938571,14762425.0
984514246,17241566.0
984566771,8173904.0
984750747,14590184.0
984887289,3349864.25
985538416,35881436.0
985937437,9499354.0
986016887,32917184.0
987007987,25926528.0
98762415,48243052.0
989089141,20224362.0
989199033,31886150.0
989224901,18557246.0
989371228,38338696.0
989967752,36623720.0
990500059,36825368.0
990683783,16105319.0
991269912,17197430.0
991366096,15583858.0
991653568,18180840.0
991785030,17820512.0
992399759,20385988.0
99245495,9480311.0
992606804,15837366.0
993635540,27068874.0
993854483,13073071.0
994270189,13825218.0
994432064,40335724.0
995198002,18838878.0
995552581,28149430.0
996465465,24297782.0
996644458,37493820.0
996704281,105288008.0
997630809,15265586.0
998072137,19446270.0
998136924,40088228.0
99975682,31290718.0
